学年,漢字,読み種類,対象の読み,問題文,全文ひらがな
1,一,音読み,イチ,一がつのカレンダー,いちがつのかれんだー
1,一,訓読み,ひと,りんごを一つたべる,りんごをひとつたべる
1,二,音読み,ニ,二月のカレンダー,にがつのかれんだー
1,二,訓読み,ふた,二つのりんご,ふたつのりんご
1,九,音読み,キュウ,野球の九回,やきゅうのきゅうかい
1,九,音読み,ク,九月,くがつ
1,九,訓読み,ここの,九日が誕生日だ,ここのかがたんじょうびだ
1,七,音読み,シチ,七月,しちがつ
1,七,訓読み,なな,七つのほし,ななつのほし
1,人,音読み,ジン,人口がへる,じんこうがへる
1,人,音読み,ニン,五人のともだち,ごにんのともだち
1,人,訓読み,ひと,立派な人になる,りっぱなひとになる
1,入,音読み,ニュウ,入学する,にゅうがくする
1,入,訓読み,い,箱に入れる,はこにいれる
1,入,訓読み,はい,家に入る,いえにはいる
1,八,音読み,ハチ,八月うまれ,はちがつうまれ
1,八,訓読み,やっ,八つのリンゴ,やっつのりんご
1,八,訓読み,よう,八日に会う,ようかにかあう
1,力,音読み,リョク,強力なパワー,きょうりょくなぱわー
1,力,音読み,リキ,力士,りきし
1,力,訓読み,ちから,力いっぱい走る,ちからいっぱいはしる
1,十,音読み,ジュウ,十円をもらう,じゅうえんをもらう
1,十,訓読み,とお,十日かかる,とうかかかる
1,三,音読み,サン,三角の形,さんかくのかたち
1,三,訓読み,み,三つのケーキ,みっつのけーき
1,上,音読み,ジョウ,屋上にのぼる,おくじょうにのぼる
1,上,訓読み,うえ,つくえの上を見る,つくえのうえをみる
1,上,訓読み,あ,手を上げる,てをあげる
1,下,音読み,カ,地下を見る,ちかをみる
1,下,訓読み,した,つくえの下に入る,つくえのしたにはいる
1,下,訓読み,さ,頭を下げる,あたまをさげる
1,口,音読み,コウ,人口がふえる,じんこうがふえる
1,口,訓読み,くち,口をあける,くちをあける
1,大,音読み,ダイ,大学に行く,だいがくにいく
1,大,音読み,タイ,大切なこと,たいせつなこと
1,大,訓読み,おお,大きな犬,おおきないぬ
1,女,音読み,ジョ,女子の生徒,じょしのせいと
1,女,訓読み,おんな,女の子があそぶ,おんなのこがあそぶ
1,山,音読み,サン,富士山,ふじさん
1,山,訓読み,やま,山にのぼる,やまにのぼる
1,川,音読み,セン,河川のながれ,かせんのながれ
1,川,訓読み,かわ,川でおよぐ,かわでおよぐ
2,工,音読み,コウ,工場でものをつくる,こうじょうでものをつくる
2,刀,音読み,トウ,日本刀をかざる,にほんとうをかざる
2,刀,訓読み,かたな,刀のさやをぬく,かたなのさやをぬく
1,土,音読み,ド,土曜日,どようび
1,土,訓読み,つち,土をほる,つちをほる
1,千,音読み,セン,千円さつ,せんえんさつ
1,千,訓読み,ち,千代紙をおる,ちよがみをおる
1,夕,音読み,セキ,朝夕のあいさつ,ちょうせきのあいさつ
1,夕,訓読み,ゆう,夕日がしずむ,ゆうひがしずむ
1,子,音読み,シ,帽子をかぶる,ぼうしをかぶる
1,子,音読み,ス,様子を見る,ようすをみる
1,子,訓読み,こ,子どもとあそぶ,こどもとあそぶ
1,小,音読み,ショウ,小学校,しょうがっこう
1,小,訓読み,ちい,小さい石,ちいさいいし
1,小,訓読み,こ,小鳥がなく,ことりがなく
3,丁,音読み,チョウ,三丁目にすむ,さんちょうめにすむ
3,丁,音読み,テイ,ていねいに書く,ていねいにかく
2,丸,音読み,ガン,丸薬をのむ,がんやくをのむ
2,丸,訓読み,まる,丸い月がうかぶ,まるいつきがうかぶ
2,才,音読み,サイ,天才の少年,てんさいのしょうねん
1,中,音読み,チュウ,中学校,ちゅうがっこう
1,中,訓読み,なか,箱の中を見る,はこのなかをみる
1,五,音読み,ゴ,五十円,ごじゅうえん
1,五,訓読み,いつ,五つのりんご,いつつのりんご
1,六,音読み,ロク,六月の雨,ろくがつのあめ
1,六,訓読み,む,六つのコップ,むっつのこっぷ
1,六,訓読み,むい,六日に出発だ,むいかにしゅっぱつだ
1,円,音読み,エン,百円玉をもつ,ひゃくえんだまをもつ
1,円,訓読み,まる,円いお月さま,まるいおつきさま
1,天,音読み,テン,天井を見る,てんじょうをみる
1,天,訓読み,あま,天の川,あまのがわ
1,手,音読み,シュ,歌手のうた,かしゅのうた
1,手,訓読み,て,手をあらう,てをあらう
1,文,音読み,ブン,作文を書く,さくぶんをかく
1,文,音読み,モン,文句を言う,もんくをいう
1,文,訓読み,ふみ,恋文,こいぶみ
1,日,音読み,ニチ,日曜日,にちようび
1,日,訓読み,ひ,日がしずむ,ひがしずむ
1,日,訓読み,か,十日から始まる,とおかからはじまる
1,月,音読み,ゲツ,月曜日,げつようび
1,月,訓読み,つき,きれいな月,きれいなつき
1,木,音読み,モク,木曜日,もくようび
1,木,訓読み,き,大きな木,おおきなき
1,水,音読み,スイ,水曜日,すいようび
1,水,訓読み,みず,水をのむ,みずをのむ
1,火,音読み,カ,火曜日の予定,かようびのよてい
1,火,訓読み,ひ,火がもえる,ひがもえる
1,犬,音読み,ケン,番犬にちゅうい,ばんけんにちゅうい
1,犬,訓読み,いぬ,こ犬と遊ぶ,こいぬとあそぶ
1,王,音読み,オウ,王様の命令,おうさまのめいれい
1,出,音読み,シュッ,出発の合図,しゅっぱつのあいず
1,出,訓読み,で,外に出る,そとにでる
1,出,訓読み,だ,宿題を出す,しゅくだいをだす
1,右,音読み,ウ,右折する,うせつする
1,右,音読み,ユウ,左右をかくにんする,さゆうをかくにんする
1,右,訓読み,みぎ,右をむく,みぎをむく
1,四,音読み,シ,四角い箱,しかくいはこ
1,四,訓読み,よっ,四つのパン,よっつのぱん
1,左,音読み,サ,左右を見る,さゆうをみる
1,左,訓読み,ひだり,左をむく,ひだりをむく
1,本,音読み,ホン,本だなに本をしまう,ほんだなにほんをしまう
1,本,訓読み,もと,山本さん,やまもとさん
1,正,音読み,セイ,不正をなおす,ふせいをなおす
1,正,音読み,ショウ,お正月,おしょうがつ
1,正,訓読み,ただ,正しいこたえ,ただしいこたえ
1,玉,音読み,ギョク,宝玉,ほうぎょく
1,玉,訓読み,たま,玉をなげる,たまをなげる
1,田,音読み,デン,水田に水を入れる,すいでんにみずをいれる
1,田,訓読み,た,田んぼのカエル,たんぼのかえる
1,白,音読み,ハク,白鳥がとぶ,はくちょうがとぶ
1,白,訓読み,しろ,白いかみ,しろいかみ
1,目,音読み,モク,目的をもつ,もくてきをもつ
1,目,訓読み,め,目をあける,めをあける
1,石,音読み,セキ,宝石がひかる,ほうせきがひかる
1,石,訓読み,いし,石をなげる,いしをなげる
1,立,音読み,リツ,国立の公園,こくりつのこうえん
1,立,訓読み,た,席を立つ,せきをたつ
2,万,音読み,マン,一万円さつ,いちまんえんさつ
2,万,音読み,バン,万が一にそなえる,まんがいちにそなえる
5,久,音読み,キュウ,永久の平和,えいきゅうのへいわ
5,久,訓読み,ひさ,久しぶりの再会,ひさしぶりのさいかい
2,今,音読み,コン,今回だけゆるす,こんかいだけゆるす
2,今,訓読み,いま,今すぐ出かける,いますぐでかける
2,元,音読み,ゲン,元気にあいさつする,げんきにあいさつする
2,元,音読み,ガン,元日にはつもうでに行く,がんじつにはつもうでにいく
2,元,訓読み,もと,元の場所にもどす,もとのばしょにもどす
2,公,音読み,コウ,公園であそぶ,こうえんであそぶ
2,内,音読み,ナイ,室内であそぶ,しつないであそぶ
2,内,訓読み,うち,家の内がわ,いえのうちがわ
2,分,音読み,ブン,半分にわける,はんぶんにわける
2,分,音読み,フン,十分まつ,じゅうふんまつ
2,分,訓読み,わ,ケーキを分ける,けーきをわける
2,切,音読み,セツ,大切なものを守る,たいせつなものをまもる
2,切,訓読み,き,紙を切る,かみをきる
2,午,音読み,ゴ,午前中にべんきょうする,ごぜんちゅうにべんきょうする
2,友,音読み,ユウ,友人と話す,ゆうじんとはなす
2,友,訓読み,とも,友だちとあそぶ,ともだちとあそぶ
2,太,音読み,タイ,太陽がのぼる,たいようがのぼる
2,太,訓読み,ふと,太いえんぴつ,ふといえんぴつ
2,少,音読み,ショウ,少年がはしる,しょうねんがはしる
2,少,訓読み,すこ,少しやすむ,すこしやすむ
2,引,音読み,イン,引力をならう,いんりょくをならう
2,引,訓読み,ひ,つなを引く,つなをひく
2,心,音読み,シン,安心する,あんしんする
2,心,訓読み,こころ,心をこめておくる,こころをこめておくる
2,戸,音読み,コ,戸外であそぶ,こがいであそぶ
2,戸,訓読み,と,戸をあける,とをあける
2,方,音読み,ホウ,方角をしらべる,ほうがくをしらべる
2,方,訓読み,かた,書き方をならう,かきかたをならう
2,牛,音読み,ギュウ,牛肉をたべる,ぎゅうにくをたべる
2,牛,訓読み,うし,牧場で牛を見る,ぼくじょうでうしをみる
2,父,音読み,フ,父母に手紙を書く,ふぼにてかみをかく
2,父,訓読み,ちち,父はしごとに出かけた,ちちはしごとにでかけた
2,毛,音読み,モウ,毛布にくるまる,もうふにくるまる
2,毛,訓読み,け,ねこの毛がやわらかい,ねこのけがやわらかい
2,止,音読み,シ,中止になった,ちゅうしになった
2,止,訓読み,と,車が止まる,くるまがとまる
2,兄,音読み,キョウ,兄弟でなかよくする,きょうだいでなかよくする
2,兄,訓読み,あに,兄がかえってきた,あにがかえってきた
2,冬,音読み,トウ,冬季オリンピック,とうきおりんぴっく
2,冬,訓読み,ふゆ,冬は雪がふる,ふゆはゆきがふる
2,北,音読み,ホク,北海道にいく,ほっかいどうにいく
2,北,訓読み,きた,北の空にほしが見える,きたのそらにほしがみえる
2,半,音読み,ハン,半分たべる,はんぶんたべる
2,半,訓読み,なか,月の半ばになる,つきのなかばになる
2,古,音読み,コ,古代のれきし,こだいのれきし
2,古,訓読み,ふる,古い本をよむ,ふるいほんをよむ
2,台,音読み,ダイ,台所でりょうりする,だいどころでりょうりする
2,台,音読み,タイ,台風がちかづく,たいふうがちかづく
2,外,音読み,ガイ,外国からの手紙,がいこくからのてかみ
2,外,訓読み,そと,外であそぶ,そとであそぶ
2,市,音読み,シ,市役所にいく,しやくしょにいく
2,市,訓読み,いち,朝市で買い物する,あさいちでかいものする
2,広,音読み,コウ,広告をみる,こうこくをみる
2,広,訓読み,ひろ,広いこうえん,ひろいこうえん
2,母,音読み,ボ,母国語をはなす,ぼこくごをはなす
2,母,訓読み,はは,母がごはんをつくる,ははがごはんをつくる
2,用,音読み,ヨウ,用事がある,ようじがある
2,用,訓読み,もち,はさみを用いる,はさみをもちいる
2,矢,音読み,シ,一矢をむくいる,いっしをむくいる
2,矢,訓読み,や,矢をはなつ,やをはなつ
3,世,音読み,セイ,二十一世紀,にじゅういっせいき
3,世,音読み,セ,世界の中心,せかいのちゅうしん
3,世,訓読み,よ,世の中のために,よのなかのために
3,主,音読み,シュ,主人にあいさつする,しゅじんにあいさつする
3,主,訓読み,ぬし,家の持ち主,いえのもちぬし
3,主,訓読み,おも,主な理由,おもなりゆう
3,他,音読み,タ,他人にやさしくする,たにんにやさしくする
3,他,訓読み,ほか,他の人をよぶ,ほかのひとをよぶ
3,代,音読み,ダイ,代表にえらばれる,だいひょうにえらばれる
3,代,音読み,タイ,交代する,こうたいする
3,代,訓読み,か,友だちと代わる,ともだちとかわる
3,代,訓読み,よ,君が代,きみがよ
3,写,音読み,シャ,写真をうつす,しゃしんをうつす
3,写,訓読み,うつ,ノートに書き写す,のーとにかきうつす
3,去,音読み,キョ,去年のこと,きょねんのこと
3,去,訓読み,さ,家から立ち去る,いえからたちさる
3,号,音読み,ゴウ,番号をよぶ,ばんごうをよぶ
3,央,音読み,オウ,中央にすわる,ちゅうおうにすわる
3,平,音読み,ヘイ,平和,へいわ
3,平,訓読み,たい,平らな道,たいらなみち
3,平,訓読み,ひら,平社員,ひらしゃいん
3,打,音読み,ダ,打楽器,だがっき
3,打,訓読み,う,ボールを打つ,ぼーるをうつ
3,氷,音読み,ヒョウ,氷河,ひょうが
3,氷,訓読み,こおり,氷がとける,こおりがとける
3,申,訓読み,もう,申しわけありません,もうしわけありません
3,皮,音読み,ヒ,皮膚の薬,ひふのくすり
3,皮,訓読み,かわ,みかんの皮,みかんのかわ
3,皿,訓読み,さら,お皿をあらう,おさらをあらう
3,礼,音読み,レイ,お礼をいう,おれいをいう
1,休,音読み,キュウ,休日に出かける,きゅうじつにでかける
1,休,訓読み,やす,すこし休む,すこしやすむ
1,先,音読み,セン,先生の話,せんせいのはな
1,先,訓読み,さき,先に行く,さきにいく
1,名,音読み,メイ,有名なひと,ゆうめいなひと
1,名,音読み,ミョウ,名字をよぶ,みょうじをよぶ
1,名,訓読み,な,名前をかく,なまえをかく
1,字,音読み,ジ,漢字を勉強する,かんじをべんきょうする
1,年,音読み,ネン,一年生に,いちねんせいに
1,年,訓読み,とし,新らしい年をむかえる,あたららしいとしをむかえる
1,早,音読み,ソウ,早朝におきる,そうちょうにおきる
1,早,訓読み,はや,早くはしる,はやくはしる
1,気,音読み,キ,元気に走る,げんきにはしる
1,気,音読み,ケ,寒気がする,さむけがする
1,百,音読み,ヒャク,百円コイン,ひゃくえんこいん
1,竹,音読み,チク,竹林を歩く,ちくりんをあるく
1,竹,訓読み,たけ,竹のぼうを拾う,たけのぼうをひろう
1,糸,訓読み,いと,毛糸のぼうし,けいとのぼうし
1,糸,訓読み,いと,赤い糸をむすぶ,あかいいとをむすぶ
1,耳,音読み,ジ,耳鼻科に行く,じびかにいく
1,耳,訓読み,みみ,耳をすます,みみをすます
1,虫,音読み,チュウ,昆虫のずかん,こんちゅうのずかん
1,虫,訓読み,むし,虫をつかまえる,むしをつかまえる
1,村,音読み,ソン,村長のはなし,そんちょうのはなし
1,村,訓読み,むら,村のまつり,むらのまつり
1,男,音読み,ダン,男子のトイレ,だんしのといれ
1,男,訓読み,おとこ,男のかの人,おとこのかのひと
1,町,音読み,チョウ,町長さん,ちょうちょうさん
1,町,訓読み,まち,新しい町に行く,あたらしいまちにいく
1,花,音読み,カ,花瓶に水を入れる,かびんにみずをはいれる
1,花,訓読み,はな,きれいな花がさく,きれいなはながさく
1,見,音読み,ケン,見学に行く,けんがくにいく
1,見,訓読み,み,テレビを見る,てれびをみる
1,貝,訓読み,かい,海で貝をひろう,うみでかいをひろう
1,赤,音読み,セキ,赤道を通る,せきどうをとおる
1,赤,訓読み,あか,赤い車,あかいくるま
1,足,音読み,ソク,一足のくつ,いっそくのくつ
1,足,訓読み,あし,足がはやい,あしがはやい
1,足,訓読み,た,数が足りる,かずがたりる
1,車,音読み,シャ,自動車にのる,じどうしゃにのる
1,車,訓読み,くるま,車がとおる,くるまがとおる
4,不,音読み,フ,不安な気持ち,ふあんなきもち
4,不,音読み,フ,不足なく用意する,ふそくなくよういする
3,仕,音読み,シ,仕事をする,しごとをする
3,仕,訓読み,つか,会社に仕える,かいしゃにつかえる
2,交,音読み,コウ,交番にとどける,こうばんにとどける
2,交,訓読み,まじ,友だちと交わる,ともだちとまじわる
2,会,音読み,カイ,会議にでる,かいぎにでる
2,会,訓読み,あ,友だちに会う,ともだちにあう
2,光,音読み,コウ,日光をあびる,にっこうをあびる
2,光,訓読み,ひかり,光がさしこむ,ひかりがさしこむ
2,同,音読み,ドウ,同時にスタートする,どうじにすたーとする
2,同,訓読み,おな,同じクラスの友だち,おなじくらすのともだち
2,回,音読み,カイ,三回くりかえす,さんかいくりかえす
2,回,訓読み,まわ,こまが回る,こまがまわる
2,多,音読み,タ,多数の人があつまる,たかずのひとがあつまる
2,多,訓読み,おお,本が多い,ほんがおおい
2,当,音読み,トウ,当番をきめる,とうばんをきめる
2,当,訓読み,あ,くじに当たる,くじにあたる
2,毎,音読み,マイ,毎日れんしゅうする,まいにちれんしゅうする
2,池,音読み,チ,電池をかえる,でんちをかえる
2,池,訓読み,いけ,池にこいがいる,いけにこいがいる
2,米,音読み,ベイ,米国からの手紙,べいこくからのてかみ
2,米,訓読み,こめ,米をあらう,こめをあらう
2,羽,音読み,ウ,羽毛ぶとんであたたまる,うもうぶとんであたたまる
2,羽,訓読み,はね,鳥の羽がおちる,とりのはねがおちる
2,考,音読み,コウ,考古学をまなぶ,こうこがくをまなぶ
2,考,訓読み,かんが,よく考える,よくかんがえる
2,肉,音読み,ニク,肉をやく,にくをやく
2,自,音読み,ジ,自分でやる,じぶんでやる
2,自,訓読み,みずか,自ら手をあげる,みずからてをあげる
2,色,音読み,シキ,景色がきれい,けしきがきれい
2,色,訓読み,いろ,赤い色のはな,あかいいろのはな
2,行,音読み,コウ,旅行にいく,りょこうにいく
2,行,訓読み,い,学校に行く,がっこうにいく
2,行,訓読み,おこな,そうじを行う,そうじをおこなう
2,西,音読み,セイ,西洋の文化,せいようのぶんか
2,西,訓読み,にし,西のそらがあかい,にしのそらがあかい
2,何,音読み,カ,幾何をまなぶ,きかをまなぶ
2,何,訓読み,なに,何をしていますか,なにをしていますか
2,体,音読み,タイ,体力をつける,たいりょくをつける
2,体,訓読み,からだ,体をうごかす,からだをうごかす
2,作,音読み,サク,作文を書く,さくぶんをかく
2,作,訓読み,つく,りょうりを作る,りょうりをつくる
2,図,音読み,ズ,地図で場所をさがす,ちずでばしょをさがす
2,図,音読み,ト,図書館で本をかりる,としょかんでほんをかりる
2,声,音読み,セイ,声援をおくる,せいえんをおくる
2,声,訓読み,こえ,大きな声で読む,おおきなこえでよむ
2,売,音読み,バイ,売店でかう,ばいてんでかう
2,売,訓読み,う,お花を売る,おはなをうる
2,弟,音読み,テイ,師弟のきずな,していのきずな
2,弟,訓読み,おとうと,弟といっしょにあそぶ,おとうとといっしょにあそぶ
2,形,音読み,ケイ,三角形をかく,さんかくけいをかく
2,形,訓読み,かたち,きれいな形,きれいなかたち
2,来,音読み,ライ,来年がたのしみだ,らいねんがたのしみだ
2,来,訓読み,く,友だちが来る,ともだちがくる
2,社,音読み,シャ,会社ではたらく,かいしゃではたらく
2,社,訓読み,やしろ,神社にお参りする,じんじゃにお参りする
2,角,音読み,カク,三角形をかく,さんかくけいをかく
2,角,訓読み,かど,角をまがる,かどをまがる
2,言,音読み,ゲン,言語をまなぶ,げんごをまなぶ
2,言,訓読み,い,「ありがとう」と言う,「ありがとう」という
2,谷,音読み,コク,渓谷をあるく,けいこくをあるく
2,谷,訓読み,たに,谷の川で遊ぶ,たにのかわであそぶ
2,走,音読み,ソウ,走者がバトンをわたす,そうしゃがばとんをわたす
2,走,訓読み,はし,校庭を走る,こうていをはしる
2,近,音読み,キン,近所にすむ,きんじょにすむ
2,近,訓読み,ちか,学校が近い,がっこうがちかい
2,里,音読み,リ,千里のみちをゆく,せんりのみちをゆく
2,里,訓読み,さと,ふるさとの里に帰る,ふるさとのさとにかえる
2,麦,音読み,バク,麦茶をのむ,むぎちゃをのむ
2,麦,訓読み,むぎ,麦わらぼうしをかぶる,むぎわらぼうしをかぶる
1,学,音読み,ガッ,学校へ行く,がっこうへいく
1,学,訓読み,まな,漢字を学ぶ,かんじをまなぶ
1,林,音読み,リン,森林の中,しんりんのなか
1,林,訓読み,はやし,林の中をとおる,はやしのなかをとおる
1,空,音読み,クウ,空気をいれる,くうきをいれる
1,空,訓読み,そら,青い空を見る,あおいそらをみる
1,空,訓読み,あ,空き箱,あきはこ
1,空,訓読み,から,空手の練習,からてのれんしゅう
1,金,音読み,キン,金曜日だ,きんようびだ
1,金,訓読み,かね,お金をつかう,おかねをつかう
1,雨,音読み,ウ,雨天なので中止だ,うてんなのでちゅうしだ
1,雨,訓読み,あめ,今日は雨がふる,きょうはあめがふる
1,青,音読み,セイ,青年のころ,せいねんのころ
1,青,訓読み,あお,青い空,あおいそら
1,草,音読み,ソウ,雑草をぬく,ざっそうをぬく
1,草,訓読み,くさ,草がはえる,くさがはえる
1,音,音読み,オン,音楽をきく,おんがくをきく
1,音,訓読み,おと,大きな音がなる,おおきなおとがなる
3,化,音読み,カ,化学のじっけん,かがくのじっけん
3,化,音読み,ケ,お化け屋敷,おばけやしき
3,化,訓読み,ば,きつねが化ける,きつねがばける
2,地,音読み,チ,地図をみる,ちずをみる
2,地,音読み,ジ,地面にすわる,じめんにすわる
3,両,音読み,リョウ,両手で持つ,りょうてでもつ
3,全,音読み,ゼン,全部たべる,ぜんぶたべる
3,全,訓読み,すべ,全てをおわる,すべてをおわる
3,向,音読み,コウ,方向をきめる,ほうこうをきめる
3,向,訓読み,む,前を向く,まえをむく
3,安,音読み,アン,安心する,あんしんする
3,安,訓読み,やす,安いねだん,やすいねだん
3,州,音読み,シュウ,九州の温泉,きゅうしゅうのおんせん
3,曲,音読み,キョク,名曲をきく,めいきょくをきく
3,曲,訓読み,ま,右に曲がる,みぎにまがる
3,有,音読み,ユウ,有名な人,ゆうめいなひと
3,有,訓読み,あ,有り金,ありかね
3,次,音読み,ジ,次回のよこく,じかいのよこく
3,次,訓読み,つぎ,次のページ,つぎのぺーじ
3,次,訓読み,つ,次ぐあいて,つぐあいて
3,死,音読み,シ,必死にはしる,ひっしにはしる
3,死,訓読み,し,死んだふり,しんだふり
3,羊,音読み,ヨウ,羊毛,ようもう
3,羊,訓読み,ひつじ,羊のかいかた,ひつじのかいかた
3,血,音読み,ケツ,出血をとめる,しゅっけつをとめる
3,血,訓読み,ち,鼻血がでる,はなぢがでる
2,京,音読み,キョウ,東京タワーを見る,とうきょうたわーをみる
2,京,訓読み,みやこ,京のまちをあるく,みやこのまちをあるく
2,国,音読み,コク,外国にいく,がいこくにいく
2,国,訓読み,くに,雪の国へいく,ゆきのくにへいく
2,夜,音読み,ヤ,夜行バスにのる,やこうばすにのる
2,夜,訓読み,よる,夜になると星が見える,よるになるとほしがみえる
2,妹,音読み,マイ,姉妹でおでかけする,しまいでおでかけする
2,妹,訓読み,いもうと,妹がわらった,いもうとがわらった
2,姉,音読み,シ,姉妹でなかよくする,しまいでなかよくする
2,姉,訓読み,あね,姉にてがみを書く,あねにてがみをかく
2,店,音読み,テン,売店でジュースを買う,ばいてんでじゅーすをかう
2,店,訓読み,みせ,お店に入る,おみせにはいる
2,明,音読み,メイ,発明したものをみせる,はつめいしたものをみせる
2,明,訓読み,あか,部屋が明るい,へやがあかるい
2,東,音読み,トウ,関東地方の天気,かんとうちほうのてんき
2,東,訓読み,ひがし,東の空があかるい,ひがしのそらがあかるい
2,歩,音読み,ホ,散歩にでかける,さんぽにでかける
2,歩,訓読み,ある,公園を歩く,こうえんをあるく
2,画,音読み,ガ,映画をみる,えいがをみる
2,画,音読み,カク,計画をたてる,けいかくをたてる
2,直,音読み,チョク,直線をひく,ちょくせんをひく
2,直,訓読み,なお,まちがいを直す,まちがいをなおす
2,知,音読み,チ,知識をふやす,ちしきをふやす
2,知,訓読み,し,答えを知る,こたえをしる
2,長,音読み,チョウ,校長先生のお話,こうちょうせんせいのおはな
2,長,訓読み,なが,長いかみのけ,ながいかみのけ
2,前,音読み,ゼン,前進する,ぜんしんする
2,前,訓読み,まえ,駅の前であう,えきのまえであう
2,南,音読み,ナン,南北をくらべる,なんぼくをくらべる
2,南,訓読み,みなみ,南の島にいく,みなみのしまにいく
2,室,音読み,シツ,教室でべんきょうする,きょうしつでべんきょうする
2,後,音読み,ゴ,午後からあめがふる,ごごからあめがふる
2,後,訓読み,うし,後ろをむく,うしろをむく
2,後,訓読み,あと,後かたづけをする,あとかたづけをする
2,思,音読み,シ,思考をめぐらす,しかんがをめぐらす
2,思,訓読み,おも,なつかしいと思う,なつかしいとおもう
2,星,音読み,セイ,火星をかんさつする,かせいをかんさつする
2,星,訓読み,ほし,星がきれいだ,ほしがきれいだ
2,活,音読み,カツ,生活をたのしむ,せいかつをたのしむ
2,海,音読み,カイ,海外りょこうにいく,かいがいりょこうにいく
2,海,訓読み,うみ,海であそぶ,うみであそぶ
2,点,音読み,テン,百点をとった,ひゃくてんをとった
2,科,音読み,カ,理科のじっけん,りかのじっけん
2,茶,音読み,チャ,お茶をいれる,おちゃをいれる
2,食,音読み,ショク,食事のじかん,しょくじのじかん
2,食,訓読み,た,ごはんを食べる,ごはんをたべる
2,首,音読み,シュ,首都にすむ,しゅとにすむ
2,首,訓読み,くび,首をかたむける,くびをかたむける
4,欠,音読み,ケツ,欠席する,けっせきする
4,欠,訓読み,か,お皿が欠ける,おさらがかける
4,氏,音読み,シ,彼氏,かれし
4,氏,訓読み,うじ,氏神さま,うじかみさま
3,由,音読み,ユウ,理由を言う,りゆうをいう
4,札,音読み,サツ,千円札,せんえんさつ
4,札,訓読み,ふだ,名札をつける,なふだをつける
4,民,音読み,ミン,国民のお祭り,こくみんのおまつり
4,民,音読み,ミン,民族の衣装,みんぞくのいしょう
4,辺,訓読み,あた,この辺りで遊ぶ,このあたりであそぶ
4,辺,音読み,ヘン,図形の辺を見る,ずかたちのへんをみる
4,付,訓読み,つ,色を付ける,いろをつける
4,付,音読み,フ,付録のシール,ふろくのしーる
4,以,音読み,イ,以上を選ぶ,いじょうをえらぶ
4,以,音読み,イ,以前の話,いぜんのはなし
4,失,音読み,シツ,失敗する,しっぱいする
4,失,訓読み,うしな,やる気を失う,やるきをうしなう
4,必,訓読み,かなら,必ず行く,かならずいく
4,必,音読み,ヒツ,必要なものを買う,ひつようなものをかう
4,未,音読み,ミ,未来の夢,みらいのゆめ
4,未,音読み,ミ,まだ未完成の絵,まだみかんなのえ
4,末,音読み,マツ,週末に出かける,しゅうまつにでかける
4,末,訓読み,すえ,末っ子の弟,すえっこのおとうと
1,校,音読み,コウ,学校の先生,がっこうのせんせい
2,夏,音読み,カ,初夏をむかえる,しょかをむかえる
2,夏,訓読み,なつ,夏はあつい,なつはあつい
2,家,音読み,カ,家族であそぶ,かぞくであそぶ
2,家,訓読み,いえ,家にかえる,いえにかえる
2,弱,音読み,ジャク,弱点をなおす,じゃくてんをなおす
2,弱,訓読み,よわ,風が弱い,かぜがよわい
2,時,音読み,ジ,三時のおやつ,さんじのおやつ
2,時,訓読み,とき,そのときが来た,そのときがきた
2,紙,音読み,シ,用紙をくばる,ようしをくばる
2,紙,訓読み,かみ,白い紙をきる,しろいかみをきる
2,記,音読み,キ,日記をかく,にっきをかく
2,記,訓読み,しる,ノートに記す,のーとにしるす
2,通,音読み,ツウ,交通ルールをまもる,こうつうるーるをまもる
2,通,訓読み,とお,車が通る,くるまがとおる
2,高,音読み,コウ,高校にいく,こうこうにいく
2,高,訓読み,たか,山が高い,やまがたかい
2,強,音読み,キョウ,強力なちからもち,きょうりょくなちからもち
2,強,訓読み,つよ,風が強い,かぜがつよい
2,教,音読み,キョウ,教科書をひらく,きょうかしょをひらく
2,教,訓読み,おし,ダンスを教える,だんすをおしえる
2,理,音読み,リ,理科のじっけんをする,りかのじっけんをする
2,組,音読み,ソ,組織をつくる,そしきをつくる
2,組,訓読み,くみ,一組のなかま,ひとくみのなかま
2,船,音読み,セン,船長がかじをとる,せんちょうがかじをとる
2,船,訓読み,ふね,船にのって旅をする,ふねにのってたびをする
2,週,音読み,シュウ,一週間がはやい,いっしゅうかんがはやい
2,雪,音読み,セツ,降雪が予想される,こうせつがよそうされる
2,雪,訓読み,ゆき,雪がふっている,ゆきがふっている
2,魚,音読み,ギョ,金魚をかう,きんぎょをかう
2,魚,訓読み,さかな,魚をつる,さかなをつる
2,鳥,音読み,チョウ,野鳥をかんさつする,やちょうをかんさつする
2,鳥,訓読み,とり,鳥がとんでいる,とりがとんでいる
2,黄,音読み,オウ,黄金のかがやき,おうごんのかがやき
2,黄,訓読み,き,黄色いはな,きいろいはな
2,黒,音読み,コク,黒板にかく,こくばんにかく
2,黒,訓読み,くろ,黒いねこ,くろいねこ
5,支,音読み,シ,支払いをする,しはらいをする
5,支,訓読み,ささ,柱で家を支える,はしらでいえをささえる
3,住,音読み,ジュウ,住所を書く,じゅうしょをかく
3,住,訓読み,す,町に住む,まちにすむ
3,助,音読み,ジョ,助言をする,じょげんをする
3,助,訓読み,たす,友だちを助ける,ともだちをたすける
3,医,音読み,イ,医者にみてもらう,いしゃにみてもらう
3,君,音読み,クン,友達の君づけ,ともだちのくんづけ
3,君,訓読み,きみ,君と一緒に,きみといちしょに
3,対,音読み,タイ,反対する,はんたいする
3,対,音読み,ツイ,一対のつぼ,いっついのつぼ
3,局,音読み,キョク,郵便局に行く,ゆうびんきょくにいく
3,役,音読み,ヤク,主役,しゅやく
3,役,音読み,エキ,兵役,へいえき
3,投,音読み,トウ,投手がなげる,とうしゅがなげる
3,投,訓読み,な,ボールを投げる,ぼーるをなげる
3,決,音読み,ケツ,決定する,けっていする
3,決,訓読み,き,ルールを決める,るーるをきめる
3,究,音読み,キュウ,研究をすすめる,けんきゅうをすすめる
3,身,音読み,シン,身体検査,しんたいけんさ
3,身,訓読み,み,身のまわり,みのまわり
3,者,音読み,シャ,作者の思い,さくしゃのおもい
3,者,訓読み,もの,わか者,わかもの
3,研,訓読み,とぐ,包丁を研ぐ,ほうちょうをとぐ
2,馬,音読み,バ,乗馬をたのしむ,じょうばをたのしむ
2,馬,訓読み,うま,馬ににんじんをあげる,うまににんじんをあげる
1,森,音読み,シン,森林の中,しんりんのなか
1,森,訓読み,もり,森のどうぶつ達,もりのどうぶつたつ
2,場,音読み,ジョウ,運動場であそぶ,うんどうじょうであそぶ
2,場,訓読み,ば,広場をはしる,ひろばをはしる
2,朝,音読み,チョウ,朝食をたべる,ちょうしょくをたべる
2,朝,訓読み,あさ,朝はやくおきる,あさはやくおきる
2,番,音読み,バン,一番になる,いちばんになる
2,答,音読み,トウ,答案ようしを出す,とうあんようしをだす
2,答,訓読み,こた,しつもんに答える,しつもんにこたえる
2,絵,音読み,エ,絵をかく,えをかく
2,買,音読み,バイ,売買のやくそく,ばいばいのやくそく
2,買,訓読み,か,本を買う,ほんをかう
2,道,音読み,ドウ,道路をわたる,どうろをわたる
2,道,訓読み,みち,学校への道,がっこうへのみち
2,間,音読み,カン,時間をまもる,じかんをまもる
2,間,訓読み,あいだ,二人の間にすわる,ふたりのあいだにすわる
2,雲,音読み,ウン,雲海をみる,うんかいをみる
2,雲,訓読み,くも,空に雲がうかぶ,そらにくもがうかぶ
2,数,音読み,スウ,数字をよむ,すうじをよむ
2,数,訓読み,かず,花の数をかぞえる,はなのかずをかぞえる
2,楽,音読み,ガク,音楽をきく,おんがくをきく
2,楽,訓読み,たの,えんそくが楽しい,えんそくがたのしい
2,話,音読み,ワ,電話をかける,でんわをかける
2,話,訓読み,はな,友だちと話す,ともだちとはなす
2,電,音読み,デン,電車にのる,でんしゃにのる
3,所,音読み,ショ,近所のひと,きんじょのひと
3,所,訓読み,ところ,安全な所,あんぜんなところ
3,事,音読み,ジ,無事に終わる,ぶじにおわる
3,事,訓読み,こと,大切な事,たいせつなこと
3,使,音読み,シ,天使がまう,てんしがまう
3,使,訓読み,つか,お金を使う,おかねをつかう
3,具,音読み,グ,道具をつかう,どうぐをつかう
3,受,音読み,ジュ,受験する,じゅけんする
3,受,訓読み,う,ボールを受ける,ぼーるをうける
3,和,音読み,ワ,平和をねがう,へいわをねがう
3,和,訓読み,なご,和やかな家族,なごやかなかぞく
3,始,音読み,シ,開始のブザー,かいしのぶざー
3,始,訓読み,はじ,ゲームを始める,げーむをはじめる
3,定,音読み,テイ,予定をたてる,よていをたてる
3,定,訓読み,さだ,ルールを定める,るーるをさだめる
3,実,音読み,ジツ,事実を知る,じじつをしる
3,実,訓読み,み,木の実をひろう,きのみをひろう
3,実,訓読み,みの,りんごが実る,りんごがみのる
3,服,音読み,フク,洋服をきる,ようふくをきる
3,泳,音読み,エイ,水泳をならう,すいえいをならう
3,泳,訓読み,およ,プールで泳ぐ,ぷーるでおよぐ
3,物,音読み,ブツ,動物,どうぶつ
3,物,音読み,モツ,荷物,にもつ
3,物,訓読み,もの,買い物,かいもの
3,苦,音読み,ク,苦労する,くろうする
3,苦,訓読み,くる,苦しい思いをする,くるしいおもいをする
3,苦,訓読み,にが,苦い薬をのむ,にがいくすりをのむ
3,表,音読み,ヒョウ,発表する,はっぴょうする
3,表,訓読み,おもて,表と裏,おもてとうら
3,表,訓読み,あらわ,気持ちを表す,きもちをあらわす
3,部,音読み,ブ,全部たべる,ぜんぶたべる
3,乗,音読み,ジョウ,乗客がおりる,じょうきゃくがおりる
3,乗,訓読み,の,バスに乗る,ばすにのる
3,客,音読み,キャク,お客さんがくる,おきゃくさんがくる
3,屋,音読み,オク,屋上にあがる,おくじょうにあがる
3,屋,訓読み,や,本屋に行く,ほんやにいく
3,度,音読み,ド,温度をはかる,おんどをはかる
3,度,訓読み,たび,二度目の旅,にたびめのたび
3,待,音読み,タイ,期待する,きたいする
3,待,訓読み,ま,友だちを待つ,ともだちをまつ
3,持,音読み,ジ,持参する,じ参する
3,持,訓読み,も,にもつを持つ,にもつをもつ
3,界,音読み,カイ,世界りょこう,せかいりょこう
3,発,音読み,ハツ,出発する,しゅっぱつする
3,発,音読み,ホツ,発作がおきる,ほつつくがおきる
3,相,音読み,ソウ,相談する,そうだんする
3,相,訓読み,あい,相手に勝つ,あいてにかつ
3,県,音読み,ケン,県知事,けんちじ
3,美,音読み,ビ,美術かん,びじゅつかん
3,美,訓読み,うつく,美しいけしき,うつくしいけしき
3,負,音読み,フ,勝負する,しょうぶする
3,負,訓読み,ま,試合に負ける,しあにまける
3,負,訓読み,お,にもつを負う,にもつをおう
3,送,音読み,ソウ,放送をきく,ほうそうをきく
3,送,訓読み,おく,手紙を送る,てかみをおくる
3,重,音読み,ジュウ,体重をはかる,たいじゅうをはかる
3,重,訓読み,おも,重いにもつ,おもいにもつ
3,重,訓読み,かさ,本を重ねる,ほんをかさねる
3,談,音読み,ダン,相談する,そうだんする
4,要,音読み,ヨウ,必要なものを買う,ひつようなものをかう
4,要,音読み,ヨウ,要点をまとめる,ようてんをまとめる
3,勝,音読み,ショウ,優勝する,ゆうしょうする
3,勝,訓読み,か,試合に勝つ,しあいにかつ
5,仮,音読み,カ,仮説を立てる,かせつをたてる
5,仮,訓読み,かり,仮の約束,かりのやくそく
3,起,訓読み,ケ,化学の実験,かがくのじっけん
3,起,訓読み,ば,化ける,ばける
3,速,音読み,ソク,速度を上げる,そくどをあげる
3,速,訓読み,はや,足が速い,あしがはやい
3,配,音読み,ハイ,配達する,はいたつする
3,配,訓読み,くば,プリントを配る,ぷりんとをくばる
3,酒,音読み,シュ,日本酒,にほんしゅ
3,酒,訓読み,さけ,お酒をのむ,おさけをのむ
3,院,音読み,イン,病院に行く,びょういんにいく
3,終,音読み,シュウ,終了する,しゅうりょうする
3,終,訓読み,お,夏休みが終わる,なつやすみがおわる
3,習,音読み,シュウ,学習する,がくしゅうする
3,習,訓読み,なら,ピアノを習う,ぴあのをならう
3,転,音読み,テン,自転車,じてんしゃ
3,転,訓読み,ころ,ボールが転がる,ぼーるがころがる
3,進,音読み,シン,前進する,ぜんしんする
3,進,訓読み,すす,前に進む,まえにすすむ
3,落,音読み,ラク,落語をきく,らくごをきく
3,落,訓読み,お,葉が落ちる,はがおちる
3,葉,音読み,ヨウ,紅葉の季節,こうようのきせつ
3,葉,訓読み,は,木の葉,このは
3,軽,音読み,ケイ,軽自動車にのる,けいじどうしゃにのる
3,軽,訓読み,かる,軽いにもつ,かるいにもつ
3,運,音読み,ウン,運動場で走る,うんどうじょうではしる
3,運,訓読み,はこ,荷物を運ぶ,にもつをはこぶ
3,開,音読み,カイ,開会式にでる,かいかいしきにでる
3,開,訓読み,ひら,本を開く,ほんをひらく
3,開,訓読み,あ,ドアを開ける,どあをあける
3,集,音読み,シュウ,全員集合,ぜんいんしゅうごう
3,集,訓読み,あつ,友だちが集まる,ともだちがあつまる
3,飲,音読み,イン,飲料水をかう,いんりょうすいをかう
3,飲,訓読み,の,水を飲む,みずをのむ
3,業,音読み,ギョウ,授業をうける,じゅぎょうをうける
3,業,訓読み,わざ,神業だ,かみわざだ
3,漢,音読み,カン,漢字のテスト,かんじのてすと
3,路,音読み,ロ,道路をあるく,どうろをあるく
3,路,訓読み,じ,帰り路,かえりじ
3,農,音読み,ノウ,農業,のうぎょう
3,鉄,音読み,テツ,鉄道の旅,てつどうのたび
2,歌,音読み,カ,歌手のコンサート,かしゅのこんさーと
2,歌,訓読み,うた,歌をうたう,うたをうたう
2,算,音読み,サン,算数のもんだい,さんすうのもんだい
2,聞,音読み,ブン,新聞をよむ,しんぶんをよむ
2,聞,訓読み,き,音が聞こえる,おとがきこえる
2,語,音読み,ゴ,日本語をまなぶ,にほんごをまなぶ
2,語,訓読み,かた,ゆめを語る,ゆめをかたる
2,読,音読み,ドク,読書がすき,どくかがすき
2,読,訓読み,よ,本を読む,ほんをよむ
2,鳴,音読み,メイ,共鳴する,きょうめいする
2,鳴,訓読み,な,鳥が鳴く,とりがなく
2,線,音読み,セン,直線をひく,ちょくせんをひく
3,横,音読み,オウ,横断歩道をわたる,おうだんほどうをわたる
3,横,訓読み,よこ,横をむく,よこをむく
3,調,音読み,チョウ,調査する,ちょうさする
3,調,訓読み,しら,意味を調べる,いみをしらべる
2,親,音読み,シン,親切にする,しんせつにする
2,親,訓読み,おや,親にかんしゃする,おやにかんしゃする
2,頭,音読み,トウ,先頭にたつ,せんとうにたつ
2,頭,訓読み,あたま,頭がよい,あたまがよい
2,顔,音読み,ガン,洗顔する,せんがんする
2,顔,訓読み,かお,笑顔がすてき,えがおがすてき
3,病,音読み,ビョウ,病院にいく,びょういんにいく
3,病,訓読み,やまい,重い病,おもいやまい
4,最,音読み,サイ,最後に話す,さいごにはなす
4,最,訓読み,もっと,最も多い,もっともおおい
4,争,音読み,ソウ,戦争,せんそう
4,争,訓読み,あらそ,一番を争う,いちばんをあらそう
4,仲,音読み,チュウ,仲介する,ちゅうかいする
4,仲,訓読み,なか,仲良し,なかよし
4,伝,音読み,デン,伝説のつるぎ,でんせつのつるぎ
4,伝,訓読み,つた,気持ちを伝える,きもちをつたえる
4,共,音読み,キョウ,共同,きょうどう
4,共,訓読み,とも,共に生きる,ともにいきる
4,好,音読み,コウ,好物,こうぶつ
4,好,訓読み,す,好きな人,すきなひと
4,好,訓読み,この,本を好む,ほんをこのむ
4,成,音読み,セイ,成功する,せいこうする
4,成,訓読み,な,大人に成る,おおなになる
4,老,音読み,ロウ,老人,ろうじん
4,老,音読み,ロウ,敬老の日,けいろうのひ
4,位,音読み,イ,一位になる,いちいになる
4,位,訓読み,くらい,位が上がる,くらいがあがる
4,低,音読み,テイ,低学年,ていがくねん
4,低,訓読み,ひく,背が低い,せがひくい
4,初,音読み,ショ,最初に話す,さいしょにはなす
4,初,訓読み,はじ,初めていく,はじめていく
4,初,訓読み,はつ,初雪,はつゆき
4,別,訓読み,わか,友達と別れる,ともだちとわかれる
4,別,音読み,ベツ,特別な日,とくべつなひ
4,利,音読み,リ,便利な道具を使う,べんりなどうぐをつかう
4,利,音読み,リ,利子がつく,りしがつく
4,努,音読み,ド,努力する,どりょくする
4,努,訓読み,つと,勉強に努める,べんきょうにつとめる
4,労,音読み,ロウ,ご苦労さま,ごくろうさま
4,労,音読み,ロウ,労働時間,ろうどうじかん
3,命,音読み,メイ,命令をきく,めいれいをきく
3,命,訓読み,いのち,命をたいせつにする,いのちをたいせつにする
3,岸,音読み,ガン,海岸をあるく,かいがんをあるく
3,岸,訓読み,きし,川の岸,かわのきし
3,放,音読み,ホウ,放送をきく,ほうそうをきく
3,放,訓読み,はな,鳥を放つ,とりをはなつ
3,昔,音読み,セキ,昔日の面影,せきじつのおもかげ
3,昔,訓読み,むかし,昔ばなし,むかしばなし
3,波,音読み,ハ,電波,でんぱ
3,波,訓読み,なみ,波がたかい,なみがたかい
3,注,音読み,チュウ,注意する,ちゅういする
3,注,訓読み,そそ,お茶を注ぐ,おちゃをそそぐ
3,育,音読み,イク,体育のじゅぎょう,たいいくのじゅぎょう
3,育,訓読み,そだ,花を育てる,はなをそだてる
3,拾,音読み,シュウ,拾得する,しゅうとくする
3,拾,訓読み,ひろ,ゴミを拾う,ごみをひろう
3,指,音読み,シ,指定席,していせき
3,指,訓読み,ゆび,親指,おやゆび
3,指,訓読み,さ,指をさす,ゆびをさす
3,洋,音読み,ヨウ,太平洋,たいへいよう
3,神,音読み,シン,神経をよげる,しんけいをよげる
3,神,音読み,ジン,神社,じんじゃ
3,神,訓読み,かみ,神さまにいのる,かみさまにいのる
3,秒,音読み,ビョウ,秒針,びょうしん
3,級,音読み,キュウ,進級する,しんきゅうする
3,追,音読み,ツイ,追伸を書く,ついしんをかく
3,追,訓読み,お,ボールを追う,ぼーるをおう
4,戦,音読み,セン,戦争,せんそう
4,戦,訓読み,たたか,正々堂々と戦う,ただ々堂々とたたかう
4,競,音読み,キョウ,競争する,きょうそうする
4,競,音読み,ケイ,競馬,けいば
4,競,訓読み,きそ,速さを競う,はやさをきそう
4,良,訓読み,よ,良い天気,よいてんき
4,良,音読み,リョウ,不良品を直す,ふりょうひんをなおす
4,功,音読み,コウ,成功する,せいこうする
4,特,音読み,トク,特別な日,とくべつなひ
4,便,音読み,ベン,便利な道具,べんりなどうぐをつかう
4,便,音読み,ビン,郵便局に行く,ゆうびんきょくにいく
4,働,音読み,ドウ,労働する,ろうどうする
4,働,訓読み,はたら,よく働く,よくはたらく
4,令,音読み,レイ,命令を守る,めいれいをまもる
4,令,音読み,レイ,号令をかける,ごうれいをかける
3,意,音読み,イ,意味をしらべる,いみをしらべる
3,味,音読み,ミ,意味をしらべる,いみをしらべる
3,味,訓読み,あじ,甘い味,あまいあじ
3,勉,音読み,ベン,勉強する,べんきょうする
3,庭,音読み,テイ,校庭で遊ぶ,こうていであそぶ
3,庭,訓読み,にわ,庭の草をぬく,にわのくさをぬく
3,息,音読み,ソク,休息をとる,きゅうそくをとる
3,息,訓読み,いき,大きく息をすう,おおきくいきをすう
3,旅,音読み,リョ,旅行にいく,りょこうにいく
3,旅,訓読み,たび,長いたび,ながいたび
3,根,音読み,コン,大根をたべる,だいこんをたべる
3,根,訓読み,ね,草の根をぬく,くさのねをぬく
3,流,音読み,リュウ,流行,りゅうこう
3,流,訓読み,なが,水が流れる,みずがながれる
3,消,音読み,ショウ,消化にいい,しょうかにいい
3,消,訓読み,き,火が消える,ひがきえる
3,消,訓読み,け,電気を消す,でんきをけす
3,倍,音読み,バイ,二の二倍は四,にのにばいはよん
3,員,音読み,イン,全員があつまる,ぜんいんがあつまる
3,島,音読み,トウ,半島,はんとう
3,島,訓読み,しま,南の島,みなみのしま
3,祭,音読み,サイ,文化祭,ぶんかさい
3,祭,訓読み,まつ,お祭りにいく,おまつりにいく
3,章,音読み,ショウ,文章を書く,ぶんしょうをかく
3,第,音読み,ダイ,第一回,だいいっかい
3,都,音読み,ト,都市にすむ,としにすむ
3,都,音読み,ツ,都合がよい,つごうがよい
3,都,訓読み,みやこ,花の都,はなのみやこ
3,動,音読み,ドウ,動物園に行く,どうぶつえんににいく
3,動,訓読み,うご,車が動く,くるまがうごく
3,商,音読み,ショウ,商店で買う,しょうてんでかう
3,商,訓読み,あきな,商う人,あきなうひと
3,悪,音読み,アク,悪魔がやってきた,あくまがやってきた
3,悪,訓読み,わる,悪い人,わるいひと
3,族,音読み,ゾク,家族とすごす,かぞくとすごす
3,深,音読み,シン,深夜までおきる,しんやまでおきる
3,深,訓読み,ふか,深い海,ふかいうみ
3,球,音読み,キュウ,野球をする,やきゅうをする
3,球,訓読み,たま,赤い球をなげる,あかいたまをなげる
3,童,音読み,ドウ,児童,じどう
3,童,訓読み,わらべ,わらべ歌,わらべうた
3,陽,音読み,ヨウ,太陽がのぼる,たいようがのぼる
3,階,音読み,カイ,階段をのぼる,かいだんをのぼる
3,寒,音読み,カン,悪寒がする,おかんがする
3,寒,訓読み,さむ,冬は寒い,ふゆはさむい
3,悲,音読み,ヒ,悲劇,ひげき
3,悲,訓読み,かな,悲しい物語,かなしいものがたり
3,暑,音読み,ショ,残暑きびしい,ざんしょきびしい
3,暑,訓読み,あつ,夏は暑い,なつはあつい
3,期,音読み,キ,一学期がはじまる,いちがっきがはじまる
3,植,音読み,ショク,植物をそだてる,しょくぶつをそだてる
3,植,訓読み,う,花を植える,はなをうえる
3,歯,音読み,シ,歯科医,しかい
3,歯,訓読み,は,歯をみがく,はをみがく
3,温,音読み,オン,気温がさがる,きおんがさがる
3,温,訓読み,あたた,温かいスープ,あたたかいすーぷ
3,港,音読み,コウ,空港にいく,くうこうにいく
3,港,訓読み,みなと,港の船をみる,みなとのふねをみる
3,湯,音読み,トウ,熱湯,ねっとう
3,湯,訓読み,ゆ,お湯をわかす,おゆをわかす
3,登,音読み,トウ,登場する,とうじょうする
3,登,訓読み,のぼ,山に登る,やまにのぼる
3,着,音読み,チャク,到着する,とうちゃくする
3,着,訓読み,き,服を着る,ふくをきる
3,着,訓読み,つ,学校に着く,がっこうにつく
3,短,音読み,タン,短歌をよむ,たんかをよむ
3,短,訓読み,みじか,短いえんぴつ,みじかいえんぴつ
2,野,音読み,ヤ,野球をする,やきゅうをする
2,野,訓読み,の,野はらをかける,のはらをかける
6,泉,音読み,セン,温泉に入る,おんせんにはいる
6,泉,訓読み,いずみ,泉の水を飲む,いずみのみずをのむ
1,生,音読み,セイ,先生の話,せんせいのはなし
1,生,訓読み,い,生きる力がわく,いきるちからがわく
1,生,訓読み,う,赤ちゃんが生まれる,あかちゃんがうまれる
1,生,訓読み,なま,生たまごをたべる,なまたまごをたべる
6,亡,音読み,ボウ,死亡事故,しぼうじこ
6,亡,訓読み,な,亡きあとの世界,なきあとのせかい
2,合,音読み,ゴウ,合計をだす,ごうけいをだす
2,合,訓読み,あ,答えが合う,こたえがあう
2,風,音読み,フウ,台風がちかづく,たいふうがちかづく
2,風,訓読み,かぜ,風がふく,かぜがふく
3,予,音読み,ヨ,予定をたてる,よていをたてる
3,反,音読み,ハン,反対の意見,はんたいのいみ
3,反,訓読み,そ,体を反らす,からだをそらす
2,新,音読み,シン,しんねんがはじまる,しんねんがはじまる
2,新,訓読み,あたら,新しいくつをはく,あたらしいくつをはく
3,返,音読み,ヘン,返事をする,へんじをする
3,返,訓読み,かえ,本を返す,ほんをかえす
3,問,音読み,モン,問題をとく,もんだいをとく
3,問,訓読み,と,先生に問う,せんせいにとう
3,宿,音読み,シュク,宿題をする,しゅくだいをする
3,宿,訓読み,やど,宿にとまる,やどにとまる
3,想,音読み,ソウ,想像する,そうぞうする
3,感,音読み,カン,感動してなく,かんどうしてなく
3,整,音読み,セイ,整理する,せいりする
3,整,訓読み,ととの,服を整える,ふくをととのえる
3,暗,音読み,アン,暗号をとく,あんごうをとく
3,暗,訓読み,くら,部屋が暗い,へやがくらい
3,様,音読み,ヨウ,様子をみる,ようすをみる
3,様,訓読み,さま,神様,かみさま
3,橋,音読み,キョウ,歩道橋をわたる,ほどうきょうをわたる
3,橋,訓読み,はし,川の橋をわたる,かわのはしをわたる
3,福,音読み,フク,幸福,こうふく
3,緑,音読み,リョク,新緑,しんりょく
3,緑,訓読み,みどり,緑の木,みどりのき
3,練,音読み,レン,練習する,れんしゅうする
3,練,訓読み,ね,作戦を練る,さくせんをねる
3,詩,音読み,シ,詩人になる,しじんになる
3,銀,音読み,ギン,銀行にお金をあずける,ぎんこうにおかねをあずける
3,題,音読み,ダイ,問題をとく,もんだいをとく
3,館,音読み,カン,図書館で本をよむ,としょかんでほんをよむ
3,駅,音読み,エキ,駅で電車にのる,えきででんしゃにのる
4,億,音読み,オク,一億円,いちおくえん
4,器,音読み,キ,食器をあらう,しょっきをあらう
4,器,訓読み,うつわ,器が大きい,うつわがおおきい
4,士,音読み,シ,武士,ぶし
4,料,音読み,リョウ,料理を作る,りょうりをつくる
4,料,音読み,リョウ,入場料をはらう,にゅうじょうりょうをはらう
4,標,音読み,ヒョウ,目標を決める,もくひょうをきめる
4,標,音読み,ヒョウ,交通の標識,こうつうのひょうしき
4,殺,音読み,サツ,殺虫剤,さっちゅうざい
4,殺,訓読み,ころ,虫を殺す,むしをころす
4,然,音読み,ゼン,自然を大切に,しぜんをたいせつに
4,然,音読み,ネン,天然の魚,てんねんのさかな
4,熱,音読み,ネツ,熱心にきく,ねっしんにきく
4,熱,訓読み,あつ,熱いお茶,あついおちゃ
4,課,音読み,カ,課題をする,かだいをする
4,輪,訓読み,わ,指輪をつける,ゆびわをつける
4,輪,音読み,リン,車輪が回る,しゃりんがまわる
4,選,音読み,セン,選手に選ばれる,せんしゅにえらばれる
4,選,訓読み,えら,本を選ぶ,ほんをえらぶ
4,鏡,音読み,キョウ,望遠鏡,ぼうえんきょう
4,鏡,訓読み,かがみ,鏡で顔をみる,かがみでかおをみる
4,願,音読み,ガン,願書を出す,がんしょをだす
4,願,訓読み,ねが,星に願う,ほしにねがう
4,養,訓読み,やしな,犬を養う,いぬをやしなう
4,養,音読み,ヨウ,栄養をとる,えいようをとる
5,像,音読み,ゾウ,仏像を拝む,ぶつぞうをおがむ
5,像,音読み,ゾウ,想像する,そうぞうする
5,情,音読み,ジョウ,情報を集める,じょうほうをあつめる
5,情,訓読み,なさ,情けをかける,なさけをかける
5,謝,音読み,シャ,感謝の気持ち,かんしゃのきもち
5,謝,訓読み,あやま,友達に謝る,ともだちにあやまる
6,映,音読み,エイ,映画を見る,えいがをみる
6,映,訓読み,うつ,鏡に映る,かがみにうつる
6,疑,音読み,ギ,疑問に思う,ぎもんにおもう
6,疑,訓読み,うたが,目を疑う,めをうたがう
4,例,訓読み,たと,例えて話す,たとえてはなす
4,例,訓読み,たと,例えばと言う,たとえばという
4,卒,音読み,ソツ,卒業する,そつぎょうする
4,協,音読み,キョウ,協力する,きょうりょくする
4,参,音読み,サン,参加する,さんかする
4,参,訓読み,まい,お参りに行く,おまいりにいく
4,周,音読み,シュウ,周囲の目,しゅういのめ
4,周,訓読み,まわ,周りに気をつかう,まわりにきをつかう
4,囲,音読み,イ,周囲の目,しゅういのめ
4,囲,訓読み,かこ,まわりを囲む,まわりをかこむ
4,固,音読み,コ,固定する,こていする
4,固,訓読み,かた,氷が固まる,こおりがかたまる
4,季,音読み,キ,季節が変わる,きせつがかわる
4,完,音読み,カン,完成する,かんせいする
4,希,音読み,キ,希望する,きぼうする
4,念,音読み,ネン,残念,ざんねん
4,折,音読み,セツ,右折する,うせつする
4,折,訓読み,お,紙を折る,かみをおる
4,望,音読み,ボウ,星を望遠鏡で見る,ほしをぼうえんきょうでみる
4,望,音読み,ボウ,希望の光,きぼうのひかり
4,材,音読み,ザイ,材料をきざむ,ざいりょうをきざむ
4,束,音読み,ソク,約束する,やくそくする
4,束,訓読み,たば,花束,はなたば
4,松,音読み,ショウ,松竹梅,しょうちくばい
4,松,訓読み,まつ,松ぼっくり,まつぼっくり
4,残,音読み,ザン,残念,ざんねん
4,残,訓読み,のこ,ごはんを残す,ごはんをのこす
4,求,音読み,キュウ,要求する,ようきゅうする
4,求,訓読み,もと,答えを求める,こたえをもとめる
4,的,音読み,テキ,目的をもつ,もくてきをもつ
4,的,訓読み,まと,的をねらう,まとをねらう
4,約,音読み,ヤク,約束を守る,やくそくをまもる
4,約,音読み,ヤク,大体の数は約百人,だいたいのかずはやくひゃくにん
4,芸,音読み,ゲイ,芸術の秋,げいじゅつのあき
5,基,音読み,キ,基本を学ぶ,きほんをがくぶ
5,基,訓読み,もと,事実に基づく,じじつにもとづく
5,性,音読み,セイ,性格が良い,せいかくがよい
5,性,音読み,ショウ,相性が合う,あいしょうがあう
5,技,音読み,ギ,技術をみがく,ぎじゅつをみがく
5,技,訓読み,わざ,すごい技,すごいわざ
5,格,音読み,カク,合格する,ごうかくする
5,格,音読み,カク,性格が明るい,せいかくがあかるい
5,能,音読み,ノウ,能力が高い,のうりょくがたかい
5,能,音読み,ノウ,可能性がある,かのうせいがある
5,術,音読み,ジュツ,手術を受ける,しゅじゅつをうける
5,術,音読み,ジュツ,美術のじかん,びじゅつのじかん
6,私,音読み,シ,私立の学校,しりつのがっこう
6,私,訓読み,わたし,私の名前,わたしのなまえ
6,骨,音読み,コツ,骨折する,こっせつする
6,骨,訓読み,ほね,魚の骨,さかなのほね
2,寺,訓読み,てら,寺に泊まる,てらにとまる
2,岩,訓読み,いわ,岩は固い,いわはかたい
2,帰,訓読み,かえる,家に帰る,いえにかえる
2,帰,訓読み,かえす,自宅に帰す,じたくにかえす
2,春,訓読み,はる,春の日はあたたかい,はるのひはあたたかい
2,昼,訓読み,ひる,昼飯を食べる,ひるめしをたべる
2,晴,訓読み,ばれ,今日は晴れた,きょうははれた
2,秋,音読み,シュウ,秋分の日,しゅうぶんのひ
2,秋,訓読み,あき,秋がくる,あきがくる
2,計,訓読み,はかる,水量を計る,すいりょうをはかる
3,列,音読み,レツ,一列にならぶ,いちれつにならぶ
3,区,音読み,ク,地区のあつまり,ちくのあつまり
3,坂,訓読み,さか,坂道をのぼる,さかみちをのぼる
3,式,音読み,シキ,入学式,にゅうがくしき
4,信,音読み,シン,自信をもつ,じしんをもつ
4,勇,音読み,ユウ,勇気を出す,ゆうきをだす
4,勇,訓読み,いさ,勇ましい姿,いさましいすがた
4,単,音読み,タン,簡単なテスト,かんたんなてすと
4,司,音読み,シ,司会,しかい
4,変,訓読み,か,色が変わる,いろがかわる
4,変,音読み,ヘン,大変な仕事,たいへんなしごと
4,夫,音読み,フウ,夫婦で出かける,ふうふででかける
4,夫,音読み,フウ,工夫して工作する,くふうしてこうさくする
4,建,音読み,ケン,建築する,けんちくする
4,建,訓読み,た,家を建てる,いえをたてる
4,昨,音読み,サク,昨年のこと,さくねんのこと
4,毒,音読み,ドク,毒薬をのむ,どくやくをのむ
4,法,音読み,ホウ,法律を守る,ほうりつをまもる
4,法,音読み,ホウ,方法を考える,ほうほうをかんがえる
4,泣,音読み,キュウ,号泣する,ごうきゅうする
4,泣,訓読み,な,声をあげて泣く,こえをあげてなく
4,浅,訓読み,あさ,川が浅い,かわがあさい
4,紀,音読み,キ,世紀,せいき
4,英,音読み,エイ,英語をはなす,えいごをはなす
4,軍,音読み,グン,軍隊,ぐんたい
4,飯,音読み,ハン,夕飯を食べる,ゆうはんをたべる
4,飯,音読み,ハン,ご飯をたく,ごはんをたく
5,仏,音読み,ブツ,大仏,だいぶつ
5,仏,訓読み,ほとけ,仏さま,ほとけさま
5,築,音読み,チク,建築中,けんちくちゅう
5,築,訓読み,きず,お城を築く,おしろをきづく
6,晩,音読み,バン,毎晩勉強する,まいばんべんきょうする
6,晩,音読み,バン,今晩の予定,こんばんのよてい
2,園,訓読み,ぞの,秘密の花園,ひみつのはなぞの
2,書,訓読み,かく,漢字を書く,かんじをかく
2,書,訓読み,がき,落書き禁止,らくがききんし
2,遠,訓読み,とおい,遠い未来,とおいみらい
2,門,訓読み,かど,門出を祝う,かどでをいわう
2,門,訓読み,と,鳴門海峡,なるとかいきょう
3,係,音読み,ケイ,関係がある,かんけいがある
3,係,訓読み,かかり,掃除の係,そうじのかかり
3,取,音読み,シュ,取材する,しゅざいする
3,取,訓読み,と,ボールを取る,ぼーるをとる
3,品,音読み,ヒン,作品をつくる,さくひんをつくる
3,品,訓読み,しな,品物をえらぶ,しなものをえらぶ
3,守,音読み,シュ,守備につく,しゅびにつく
3,守,訓読み,まも,約束を守る,やくそくをまもる
3,幸,音読み,コウ,幸福をねがう,こうふくをねがう
3,幸,訓読み,しあわ,幸せな家族,しあわせなかぞく
3,急,音読み,キュウ,急行電車にのる,きゅうこうでんしゃにのる
3,急,訓読み,いそ,走って急ぐ,はしっていそぐ
3,真,音読み,シン,写真をとる,しゃしんをとる
3,真,訓読み,ま,真っ白な雪,まっしろなゆき
3,箱,訓読み,はこ,箱にいれる,はこにいれる
3,荷,音読み,カ,出荷する,しゅっかする
3,荷,訓読み,に,荷物を運ぶ,にもつをはこぶ
3,面,音読み,メン,地面,じめん
3,面,訓読み,おもて,表と面,おもてとうら
3,面,訓読み,つら,面の皮,つらのかわ
4,典,音読み,テン,辞典をひく,じてんをひく
4,喜,音読み,キ,喜劇をみる,きげきをみる
4,喜,訓読み,よろこ,大いに喜ぶ,おおいによろこぶ
4,府,音読み,フ,大阪府に住む,おおさかふにすむ
4,府,音読み,フ,政府のはっぴょう,せいふのはっぴょう
4,治,音読み,ジ,政治,せいじ
4,治,訓読み,なお,病気が治る,びょうきがなおる
4,治,訓読み,おさ,国を治める,くにをおさめる
4,浴,訓読み,あ,お風呂でお湯を浴びる,おふろでおゆをあびる
4,浴,音読み,ヨク,海水浴に行く,かいすいよくにいく
4,笑,音読み,ショウ,爆笑する,ばくしょうする
4,笑,訓読み,わら,大声で笑う,おおごえでわらう
4,笑,訓読み,え,笑顔,えがお
4,辞,音読み,ジ,辞典をひく,じてんをひく
4,辞,訓読み,や,仕事を辞める,しごとをやめる
4,関,音読み,カン,関係,かんけい
4,関,訓読み,せき,関所,せきしょ
4,関,訓読み,かか,関わる,かかわる
5,保,音読み,ホ,保存する,ほぞんする
5,保,訓読み,たも,安全を保つ,あんぜんをたもつ
5,弁,音読み,ベン,お弁当,おべんとう
5,弁,音読み,ベン,関西弁,かんさいべん
5,政,音読み,セイ,政治のニュース,せいじのにゅーす
5,政,音読み,セイ,政府の発表,せいふのはっぴょう
5,留,音読み,リュウ,留学する,りゅうがくする
5,留,訓読み,と,ボタンを留める,ぼたんをとめる
5,証,音読み,ショウ,証明する,しょうめいする
5,証,音読み,ショウ,証拠を見つける,しょうこをみつける
5,険,音読み,ケン,危険な場所,きけんなばしょ
5,険,訓読み,けわ,険しい山道,けわしいやまみち
6,危,音読み,キ,危険な場所,きけんなばしょ
6,危,訓読み,あぶ,危ない道,あぶないみち
6,存,音読み,ソン,存在を認める,そんざいをみとめる
6,存,音読み,ゾン,ご存知ですか,ごぞんじですか
6,専,音読み,セン,専門家,せんもんか
6,専,訓読み,もっぱ,専ら勉強する,もっぱらべんきょうする
2,原,訓読み,はら,野原で遊ぶ,のはらであそぶ
2,細,訓読み,ほそ,細い道,ほそいみち
2,細,訓読み,こまか,細かい作業,こまかいさぎょう
3,薬,音読み,ヤク,薬剤師,やくざいし
3,薬,訓読み,くすり,薬をのむ,くすりをのむ
3,鼻,音読み,ビ,耳鼻科,じびか
3,鼻,訓読み,はな,鼻をかむ,はなをかむ
4,側,音読み,ソク,側面,そくめん
4,側,訓読み,がわ,右側,みぎがわ
4,兵,音読み,ヘイ,兵隊のれんしゅう,へいたいのれんしゅう
4,兵,音読み,ヘイ,兵器をなくす,へいきをなくす
4,堂,音読み,ドウ,食堂にいく,しょくどうにいく
4,塩,音読み,エン,食塩,しょくえん
4,塩,訓読み,しお,塩であじつけ,しおであじつけ
4,席,音読み,セキ,座席をゆずる,ざせきをゆずる
4,敗,音読み,ハイ,勝敗,しょうはい
4,敗,訓読み,やぶ,試合に敗れる,しあいにやぶれる
4,果,音読み,カ,結果がでる,けっかがでる
4,果,訓読み,は,果てしなく続く,はてしなくつづく
4,栄,音読み,エイ,栄養をとる,えいようをとる
4,栄,訓読み,さか,町が栄える,まちがさかえる
4,栄,訓読み,は,見栄え,みばえ
4,梅,音読み,バイ,梅雨前線,ばいうぜんせん
4,梅,訓読み,うめ,梅の花がさく,うめのはながさく
4,無,音読み,ブ,無事に帰る,ぶじにかえる
4,無,音読み,ム,無理なお願い,むりなおねがい
4,結,音読み,ケツ,結果がでる,けつかがでる
4,結,訓読み,むす,ひもを結ぶ,ひもをむすぶ
4,結,訓読み,ゆ,かみを結う,かみをゆう
5,因,音読み,イン,原因を調べる,げんいんをしらべる
5,因,訓読み,よ,病気に因る休み,びょうきによるやすみ
5,常,音読み,ジョウ,非常口,ひじょうくち
5,常,訓読み,つね,常に考える,つねにかんがえる
5,識,音読み,シキ,知識が豊富,ちしきがほうふ
5,識,音読み,シキ,標識を見る,ひじょうによい
5,非,音読み,ヒ,非常に良い,ひじょうによい
5,非,音読み,ヒ,非行に走らない,ひこうにはしらない
6,干,音読み,カン,若干名,じゃっかんめい
6,干,訓読み,ほ,洗濯物を干す,せんたくものをほす
4,官,音読み,カン,警察官,けいさつかん
4,察,音読み,サツ,警察にいく,けいさつにいく
4,底,音読み,テイ,海底,かいてい
4,底,訓読み,そこ,海の底,うみのそこ
4,愛,音読み,アイ,家族を愛する,かぞくをあいする
6,署,音読み,ショ,警察署,けいさつしょ
6,署,音読み,ショ,消防署,しょうぼうしょ
6,警,音読み,ケイ,警告する,けいこくする
4,覚,音読み,カク,感覚,かんかく
4,覚,訓読み,おぼ,名前を覚える,なまえをおぼえる
4,覚,訓読み,さ,目が覚める,めがさめる
4,説,音読み,セツ,説明する,せつめいする
4,説,訓読み,と,教えを説く,おしえをとく
4,訓,音読み,クン,訓読み,くんよみ
4,試,音読み,シ,試験,しけん
4,試,訓読み,ため,服を試す,ふくをためす
4,試,訓読み,こころ,試み,こころみ
2,弓,訓読み,ゆみ,弓矢を引く,ゆみやをひく
4,告,音読み,コク,報告する,ほうこくする
4,告,訓読み,つ,名前を告げる,なまえをつげる
4,種,音読み,シュ,種類,しゅるい
4,種,訓読み,たね,花の種をまく,はなのたねをまく
4,達,音読み,タツ,配達する,はいたつする
4,達,訓読み,たち,友だち,ともだち
4,類,音読み,ルイ,種類が多い,しゅるいがおおい
4,類,音読み,ルイ,親類の人,しんるいのひと
5,報,音読み,ホウ,天気の予報,てんきのよほう
5,報,訓読み,むく,恩に報いる,おんにむくいる
3,等,音読み,どう,平等,びょうどう
3,等,訓読み,ひと,長さが等しい,ながさがひとしい
4,借,音読み,しゃっ,借金,しゃっきん
4,借,訓読み,か,本を借りる,ほんをかりる
4,焼,音読み,ショウ,燃焼する,ねんしょうする
4,焼,訓読み,や,肉を焼く,にくをやく
6,座,音読み,ザ,座席に座る,ざせきにすわる
6,座,訓読み,すわ,いすに座る,いすにすわる
6,忘,音読み,ボウ,忘年会,ぼうねんかい
6,忘,訓読み,わす,宿題を忘れる,しゅくだいをわすれる
6,洗,音読み,セン,洗濯する,せんたくする
6,洗,訓読み,あら,手を洗う,てをあらう
6,胸,音読み,キョウ,胸囲をはかる,きょういをはかる
6,胸,訓読み,むね,胸をおさえる,むねをおさえる
6,脳,音読み,ノウ,頭脳プレー,ずのうぷれー
6,脳,音読み,ノウ,脳の働き,のうのうごき
4,験,音読み,ケン,実験する,じっけんする
5,可,音読み,カ,可能な限り,かのうなかぎり
5,可,音読み,カ,許可をもらう,きょかをもらう
5,許,音読み,キョ,許可をもらう,きょかをもらう
5,許,訓読み,ゆる,間違いを許す,まちがいをゆるす
6,枚,音読み,マイ,画用紙を一枚,がようしをいちまい
4,静,音読み,セイ,冷静になる,れいせいになる
4,静,訓読み,しず,静かな夜,しずかなよる
5,句,音読み,ク,俳句を詠む,はいくをよむ
5,句,音読み,ク,文句を言う,もんくをいう
5,禁,音読み,キン,立入禁止,たちいりきんし
5,禁,音読み,キン,禁煙,きんえん
4,加,音読み,カ,参加する,さんかする
4,加,訓読み,くわ,なかまに加わる,なかまにくわわる
4,節,音読み,セツ,季節が変わる,きせつがかわる
4,節,訓読み,ふし,竹の節をかぞえる,たけのふしをかぞえる
5,減,音読み,ゲン,体重が減少する,たいじゅうがげんしょうする
5,減,訓読み,へ,数が減る,かずがへる
4,順,音読み,ジュン,順番を守る,じゅんばんをまもる
5,容,音読み,ヨウ,内容を確認する,ないようをかくにんする
5,容,音読み,ヨウ,美容院にいく,びよういんにいく
5,布,音読み,フ,毛布をかける,もうふをかける
5,布,訓読み,ぬの,布を切り取る,ぬのをきりとる
5,易,音読み,エキ,貿易,ぼうえき
5,易,音読み,イ,容易な問題,よういなもんだい
5,易,訓読み,やさ,易しいテスト,やさしいてすと
5,財,音読み,ザイ,財産を残す,ざいさんをのこす
5,財,音読み,サイ,財布を落とす,さいふをおとす
6,若,音読み,じゃっ,若干名,じゃっかんめい
6,若,訓読み,わか,若い人,わかいひと
6,詞,音読み,シ,作詞する,さくしする
6,詞,音読み,シ,動詞と名詞,どうしとめいし
4,歴,音読み,レキ,歴史を勉強する,れきしをべんきょうする
4,歴,音読み,レキ,経歴を書く,けいれきをかく
5,舌,音読み,ゼツ,毒舌な人,どくぜつなひと
5,舌,訓読み,した,猫の舌,ねこのした
6,冊,音読み,サツ,本を一冊買う,ほんをいっさつかう
6,冊,音読み,サツ,冊子をつくる,さっしをつくる
6,宇,音読み,ウ,宇宙旅行,うちゅうりょこう
6,宙,音読み,チュウ,宇宙飛行士,うちゅうりょこうし
6,宙,音読み,チュウ,宙に浮く,ちゅうにうく
5,団,音読み,ダン,団体旅行,だんたいりょこう
5,団,音読み,トン,布団を干す,ふとんをほす
5,暴,音読み,ボウ,暴力はだめ,ぼうりょくはだめ
5,暴,訓読み,あば,大声で暴れる,おおごえであばれる
5,混,音読み,コン,混雑する,こんざつする
5,混,訓読み,ま,絵の具を混ぜる,えのぐをまぜる
6,乱,音読み,ラン,混乱する,こんらんする
6,乱,訓読み,みだ,列が乱れる,れつがみだれる
4,徒,音読み,ト,生徒があつまる,せいとがあつまる
4,得,音読み,トク,得意なこと,とくいなこと
4,得,訓読み,え,ひらめきを得る,ひらめきをえる
4,改,音読み,カイ,改造する,かいぞうする
4,改,訓読み,あらた,心を改める,こころをあらためる
4,続,音読み,ゾク,連続する,れんぞくする
4,続,訓読み,つづ,雨が続く,あめがつづく
4,連,音読み,レン,連休に旅行する,れんきゅうにりょこうする
4,連,訓読み,つ,犬を連れて歩く,いぬをつれてあるく
6,善,音読み,ゼン,善悪の判断,ぜんあくのはんだん
6,善,音読み,ゼン,善良な市民,ぜんりょうなしみん
6,困,音読み,コン,困難な道,こんなんなみち
6,困,訓読み,こま,生活に困る,せいかつにこまる
5,比,音読み,ヒ,比較する,ひかくする
5,比,訓読み,くら,背を比べる,せをくらべる
5,災,音読み,サイ,火災が発生,かさいがはっせい
5,災,訓読み,わざわ,災いがふりかかる,わざわいがふりかかる
4,機,音読み,キ,機械,きかい
4,機,訓読み,はた,機をおる,はたをおる
5,率,音読み,リツ,確率を求める,かくりつをもとめる
5,率,訓読み,ひき,大軍を率いる,おおぐんをひきいる
4,飛,音読み,ヒ,飛行機に乗る,ひこうきにのる
4,飛,訓読み,と,空を飛ぶ鳥,そらをとぶとり
4,害,音読み,ガイ,公害,こうがい
5,余,音読み,ヨ,余裕がある,よゆうがある
5,余,訓読み,あま,時間が余る,じかんがあまる
6,難,音読み,ナン,難問を解く,なんもんをとく
6,難,訓読み,むずか,難しいテスト,むずかしいてすと
4,械,音読み,カイ,機械を動かす,きかいをうごかす
5,確,音読み,カク,正確に測る,せいかくにはかる
5,確,訓読み,たし,答えを確かめる,こたえをたしかめる
5,個,音読み,コ,一個のりんご,いっこのりんご
5,個,音読み,コ,個人の情報,こじんのじょうほう
5,圧,音読み,アツ,血圧を測る,けつあつをはかる
5,圧,音読み,アツ,水圧にたえる,すいあつにたえる
5,在,音読み,ザイ,現在の時刻,げんざいのじこく
5,在,訓読み,あ,お金の在りか,おかねのありか
5,夢,音読み,ム,悪夢をみる,あくむをみる
5,夢,訓読み,ゆめ,将来の夢,しょうらいのゆめ
4,産,音読み,サン,生産する,せいさんする
4,産,訓読み,う,たまごを産む,たまごをうむ
5,厚,音読み,コウ,濃厚な味,のうこうなあじ
5,厚,訓読み,あつ,厚い本を読む,あついほんをよむ
5,妻,音読み,サイ,夫妻で出かける,ふさいででかける
5,妻,訓読み,つま,妻と話す,つまとはなす
4,議,音読み,ギ,会議をする,かいぎをする
5,犯,音読み,ハン,犯人を捕まえる,はんにんをつかまえる
5,犯,訓読み,おか,罪を犯す,つみをおかす
5,罪,音読み,ザイ,無罪になる,むざいをおかす
5,罪,訓読み,つみ,罪を反省する,つみをはんせいする
5,防,音読み,ボウ,防犯カメラ,ぼうはんかめら
5,防,訓読み,ふせ,風を防ぐ,かぜをふせぐ
6,穴,音読み,ケツ,墓穴を掘る,ぼけつをほる
6,穴,訓読み,あな,地面に穴を掘る,ぢめんにあなをほる
6,論,音読み,ロン,議論が白熱する,ぎろんがはくねつする
6,論,音読み,ロン,結論を出す,けつろんをだす
5,経,音読み,ケイ,経済の勉強,けいざいのべんきょう
5,経,訓読み,へ,長い年月を経る,ながいねんげつをへる
3,笛,音読み,テキ,汽笛をならす,きてきをならす
3,笛,訓読み,ふえ,笛をふく,ふえをふく
4,史,音読み,シ,歴史を学ぶ,れきしをまなぶ
5,敵,音読み,テキ,素敵な人,すてきなひと
5,敵,音読み,テキ,敵をたおす,てきをたおす
6,済,音読み,ザイ,経済の勉強,けいざいのべんきょう
6,済,訓読み,す,宿題が済む,しゅくだいがすむ
3,委,音読み,イ,委員会に出る,いいんかいにでる
4,挙,音読み,キョ,選挙にいく,せんきょにいく
4,挙,訓読み,あ,手を挙げる,てをあげる
5,判,音読み,ハン,判断する,はんだんする
5,判,音読み,バン,評判がよい,ひょうばんがよい
5,制,音読み,セイ,制度を作る,せいどをつくる
5,制,音読み,セイ,制作する,せいさくする
5,務,音読み,ム,義務を果たす,ぎむをはたす
5,務,訓読み,つと,役員を務める,やくいんんをつとめる
5,査,音読み,サ,調査する,ちょうする
5,査,音読み,サ,検査を受ける,けんさをうける
5,総,音読み,ソウ,総合病院,そうごうびょういん
5,総,音読み,ソウ,総理大臣,そうりだいじん
5,設,音読み,セツ,設立する,せつりつする
5,設,訓読み,もう,席を設ける,せきをもうける
5,資,音読み,シ,資料を読む,しりょうをよむ
5,資,音読み,シ,資格を取る,しかくをとる
6,権,音読み,ケン,権利を主張する,けんりをしゅちょうする
6,権,音読み,ケン,政権交代,せいけんこうたい
5,件,音読み,ケン,事件の解決,じけんかいけつ
5,件,音読み,ケン,条件に合う,じょうけんにあう
6,派,音読み,ハ,派手な服,はでなふく
6,派,音読み,ハ,流派を受け継ぐ,りゅうはをうけつぐ
5,素,音読み,ソ,元素記号,げんそきごう
5,素,音読み,ス,素顔を見せる,すがおをみせる
5,断,音読み,ダン,横断歩道,おうだんほどう
5,断,訓読み,ことわ,誘いを断る,さそいをことわる
5,評,音読み,ヒョウ,評価する,ひょうかする
5,評,音読み,ヒョウ,評判がよい,ひょうばんがよい
6,批,音読み,ヒ,批判する,ひはんする
6,批,音読み,ヒ,批評を書く,ひひょうをかく
5,任,音読み,ニン,責任をもつ,せきにんをもつ
5,任,訓読み,まか,仕事を任せる,しごとをまかせる
5,検,音読み,ケン,検査を受ける,けんさをうける
5,検,音読み,ケン,探検に行く,たんけんにいく
5,条,音読み,ジョウ,条件に合う,じょうけんにあう
5,条,音読み,ジョウ,第一条,だいいちじょう
5,責,音読み,セキ,責任をもつ,せきにんをもつ
5,責,訓読み,せ,自分を責めない,じぶんをせめない
4,省,音読み,ショウ,省略する,しょうりゃくする
4,省,音読み,セイ,反省する,はんせいする
4,省,訓読み,はぶ,手間を省く,てまをはぶく
4,省,訓読み,かえり,過去を省みる,かこをかえりみる
5,増,音読み,ゾウ,増加する,ぞうかする
5,増,訓読み,ふ,体重が増える,たいじゅうがふえる
5,税,音読み,ゼイ,消費税,しょうひぜい
5,税,音読み,ゼイ,税金をはらう,ぜいきんをはらう
5,解,音読み,カイ,問題の解答,もんだいのかいとう
5,解,訓読み,と,ひもを解く,ひもをとく
5,際,音読み,サイ,国際的,こくさいてき
5,際,訓読み,きわ,際立つ,きわだつ
6,認,音読み,ニン,確認する,かくにんする
6,認,訓読み,みと,間違いを認める,まちがいをみとめる
5,義,音読み,ギ,正義の味方,せいぎのみかた
5,義,音読み,ギ,義務を果たす,ぎむをはたす
6,誕,音読み,タン,誕生日,たんじょうび
6,誕,音読み,タン,生誕を祝う,せいたんをいわう
5,過,音読み,カ,過去の出来事,かこのできごと
5,過,訓読み,す,通り過ぎる,とおりすぎる
3,宮,音読み,キュウ,宮殿をみる,きゅうでんをみる
3,宮,訓読み,みや,お宮参りに行く,おみやまいりにいく
4,各,音読み,カク,各自でもつ,かくじでもつ
4,各,訓読み,おのおの,各々のかんがえ,おのおののかんがえ
4,案,音読み,アン,案内する,あんないする
4,置,音読み,チ,位置につく,いちにつく
4,置,訓読み,お,本を置く,ほんをおく
4,費,音読み,ヒ,生活費,せいかつひ
4,費,訓読み,つい,時間を費やす,じかんをついやす
5,価,音読み,カ,価格を調べる,かかくをしらべる
5,価,音読み,カ,価値がある,かちがある
5,勢,音読み,セイ,姿勢を正す,しせいをただす
5,勢,訓読み,いきお,勢いよく走る,いきおいよくはしる
5,営,音読み,エイ,営業中,えいぎょうちゅう
5,営,訓読み,いとな,お店を営む,おみせをいとなむ
5,示,音読み,ジ,指示を出す,しじをだす
5,示,訓読み,しめ,答えを示す,こたえをしめす
5,統,音読み,トウ,伝統の祭り,でんとうのまつり
5,統,音読み,トウ,統計をとる,とうけいをとる
5,領,音読み,リョウ,大統領,だいとうりょう
5,領,音読み,リョウ,領収書,りょうしゅうしょ
6,策,音読み,サク,対策を練る,たいさくをねる
6,策,音読み,サク,政策を決める,せいさくをきめる
4,副,音読み,フク,副会長になる,ふくかいちょうになる
4,副,音読み,フク,副作用に注意する,ふくさようにちゅういする
4,観,音読み,カン,観察する,かんさつする
6,値,音読み,チ,価値がある,かちがある
6,値,訓読み,ね,値段を見る,ねだんをみる
6,吸,音読み,キュウ,呼吸を整える,こきゅうをととのえる
6,吸,訓読み,す,空気を吸う,くうきをすう
6,域,音読み,イキ,地域の活動,ちいきのかつどう
6,域,音読み,イキ,領域を守る,りょういきをまもる
6,姿,音読み,シ,容姿端麗,ようしたんれい
6,姿,訓読み,すがた,後ろ姿,うしろすがた
5,応,音読み,オウ,応援する,おうえんする
5,応,訓読み,こた,期待に応える,きたいにこたえる
5,提,音読み,テイ,提出する,ていしゅつする
5,提,音読み,テイ,提案する,ていあんする
5,状,音読み,ジョウ,状態がよい,じょうたいがよい
5,状,音読み,ジョウ,賞状をもらう,しょうじょうをもらう
5,態,音読み,タイ,態度を改める,たいどをあらためる
5,態,音読み,タイ,生態を調べる,せいたいをしらべる
5,賀,音読み,ガ,年賀状,ねんがじょう
5,賀,音読み,ガ,祝賀会,しゅくがかい
6,収,音読み,シュウ,収入を得る,しゅうにゅうをえる
6,収,訓読み,おさ,荷物を収める,にもつをおさめる
4,停,音読み,テイ,停止する,ていしする
4,停,訓読み,と,車が停まる,くるまがとまる
6,革,音読み,カク,革命が起きる,かくめいがおきる
6,革,訓読み,かわ,革の靴,かわのくつ
5,職,音読み,ショク,職業,しょくぎょう
5,職,音読み,ショク,就職する,しゅうしょくする
5,規,音読み,キ,規則を守る,きそくをまもる
5,規,音読み,キ,規模が大きい,きぼがおおきい
5,護,音読み,ゴ,保護する,ほごする
5,護,音読み,ゴ,看護師,かんごし
6,割,音読み,カツ,分割する,ふんかつする
6,割,訓読み,わ,役割を果たす,やくわりをはたす
6,裁,音読み,サイ,裁判にかける,さいばんにかける
6,裁,訓読み,さば,罪を裁く,つみをさばく
5,演,音読み,エン,演技をする,えんぎをする
5,演,音読み,エン,演説する,えんぜつをする
6,律,音読み,リツ,法律を守る,ほうりつをまもる
6,律,音読み,リツ,規律正しい,きりつただしい
5,師,音読み,シ,教師,きょうし
5,師,音読み,シ,医師にみてもらう,いしにみてもらう
6,看,音読み,カン,看板を見る,かんばんをみる
6,看,音読み,カン,看護師さん,かんごしさん
5,準,音読み,ジュン,準備する,じゅんびする
5,準,音読み,ジュン,基準を満たす,きじゅんをみたす
5,則,音読み,ソク,規則を守る,きそくをまもる
5,則,音読み,ソク,法則を見つける,ほうそくをみつける
5,備,音読み,ビ,準備する,じゅんびする
5,備,訓読み,そな,災害に備える,さいがいにそなえる
5,導,音読み,ドウ,指導する,しどうする
5,導,訓読み,みちび,正解へ導く,せいかいへみちびく
5,幹,音読み,カン,新幹線,しんかんせん
5,幹,訓読み,みき,木の幹が太い,きのみきがふとい
5,張,音読み,チョウ,主張する,しゅちょうする
5,張,訓読み,は,テントを張る,てんとをはる
6,優,音読み,ユウ,優勝する,ゆうしょうする
6,優,訓読み,やさ,優しい人,やさしいひと
6,宅,音読み,タク,自宅に帰る,じたくにかえる
6,宅,音読み,タク,住宅街,じゅうたくがい
5,現,音読み,ゲン,現在,げんざい
5,現,訓読み,あらわ,姿を現す,すがたをあらわす
6,乳,音読み,ニュウ,牛乳を飲む,ぎゅうにゅうをのむ
6,乳,訓読み,ちち,母の乳,ははのちち
6,呼,音読み,コ,深呼吸する,しんこきゅうする
6,呼,訓読み,よ,名前を呼ぶ,なまえをよぶ
6,城,音読み,ジョウ,城下町,じょうかまち
6,城,訓読み,しろ,お城を見学する,おしろをけんがくする
6,俳,音読み,ハイ,俳句を詠む,はいくをよむ
6,俳,音読み,ハイ,俳優になる,はいゆうになる
6,担,音読み,タン,担任の先生,たんにんのせんせい
6,担,訓読み,にな,次世代を担う,じせだいをねらう
5,額,音読み,ガク,金額を計算する,きんがくをけいさんする
5,額,訓読み,ひたい,額に汗をかく,ひたいにあせをかく
5,製,音読み,セイ,製品を買う,せいひんをかう
5,製,音読み,セイ,日本製,にほんせい
5,輸,音読み,ユ,輸出する,ゆしゅつする
5,輸,音読み,ユ,輸入品,ゆにゅうひん
5,燃,音読み,ネン,燃料を入れる,ねんりょうをいれる
5,燃,訓読み,も,紙を燃やす,かみをもやす
4,祝,音読み,シュク,祝日,しゅくじつ
4,祝,訓読み,いわ,誕生日を祝う,たいじょうびをいわう
6,届,訓読み,とど,荷物が届く,にもつがとどく
6,届,訓読み,とど,欠席届を出す,けっせきとどけをだす
6,層,音読み,ソウ,高層ビル,こうそうびる
6,層,音読み,ソウ,地層を調べる,ちそうをしらべる
4,型,音読み,ケイ,典型的だ,てんけいてきだ
4,型,訓読み,かた,星の型ぬき,ほしのかたぬき
6,庁,音読み,チョウ,県庁所在地,けんちょうしょざいち
6,庁,音読み,チョウ,警察庁,けいさつちょう
6,視,音読み,シ,視力検査,しりょくけんさ
6,視,音読み,シ,テレビを視聴する,てれびをしちょうする
4,差,音読み,サ,点差がひらく,てんさがひらく
4,差,訓読み,さ,傘を差す,かさをさす
4,管,音読み,カン,管理する,かんりする
4,管,訓読み,くだ,管をとおる,くだをとおる
4,象,音読み,ショウ,印象,いんしょう
4,象,音読み,ゾウ,象の鼻が長い,ぞうのはながながい
4,量,訓読み,はか,体重を量る,たいじゅうをはかる
4,量,音読み,リョウ,雨の降った量,あめのふったりょう
5,境,音読み,キョウ,国境をこえる,こっきょうをこえる
5,境,訓読み,さかい,境目,さかいめ
5,武,音読み,ブ,武器をとる,ぶきをとる
5,武,音読み,ブ,武士の時代,ぶしのじだい
5,質,音読み,シツ,質問する,しつもんする
5,質,音読み,シツ,性質を調べる,せいしつをしらべる
5,述,音読み,ジュツ,記述問題,きじゅつもんだい
5,述,訓読み,の,意見を述べる,いけんをのべる
6,供,音読み,キョウ,場所を提供する,ばしょをていきょうする
6,供,訓読み,とも,お供する,おともする
6,展,音読み,テン,展覧会,てんらんかい
6,展,音読み,テン,発展する,はってんする
6,株,訓読み,かぶ,株式会社,かぶしきかいしゃ
6,株,訓読み,かぶ,切り株,きりかぶ
5,限,音読み,ゲン,限界に挑む,げんかいにいどむ
5,限,訓読み,かぎ,期限を限る,きかぎをかぎる
4,票,音読み,ヒョウ,投票に行く,とうひょうにいく
4,票,訓読み,ピョウ,伝票,でんぴょう
4,景,音読み,ケイ,風景をみる,ふうけいをみる
6,補,音読み,ホ,候補に挙がる,こうほにあがる
6,補,訓読み,おぎな,栄養を補う,えいようをおぎなう
4,候,音読み,コウ,気候が変わる,きこうがかわる
5,構,音読み,コウ,構造を知る,こうぞうをしる
5,構,訓読み,かま,お店を構える,おみせをかまえる
6,模,音読み,モ,模様を描く,もうようをえがく
6,模,音読み,ボ,規模が大きい,きぼがおおきい
5,効,音読み,コウ,効果がある,こうかがある
5,効,訓読み,き,薬が効く,くすりがきく
5,属,音読み,ゾク,金属,きんぞく
5,属,音読み,ゾク,野球部に所属する,やきゅうぶにしょぞくする
5,慣,音読み,カン,習慣になる,しゅうかんになる
5,慣,訓読み,な,学校に慣れる,がっこうになれる
5,豊,音読み,ホウ,豊富な知識,ほうふなちしき
5,豊,訓読み,ゆた,豊かな自然,ゆたかなしぜん
4,満,音読み,マン,満点をとる,まんてんをとる
4,満,訓読み,み,水が満ちる,みずがみちる
5,肥,音読み,ヒ,肥料をまく,ひりょうをまく
5,肥,訓読み,こ,牛が肥える,うしがこえる
6,巻,音読み,カン,全巻を読む,ぜんかんをよむ
6,巻,訓読み,ま,包帯を巻く,ほうたいをまく
5,居,音読み,キョ,住居を決める,じゅうきょをきめる
5,居,訓読み,い,部屋に居る,へやにいる
5,造,音読み,ゾウ,工場で製造する,こうじょうでせいぞうする
5,造,訓読み,つく,家を造る,いえをつくる
5,授,音読み,ジュ,授業が始まる,じゅぎょうがはじまる
5,授,訓読み,さず,賞を授かる,しょうをさずかる
4,印,音読み,イン,印刷する,いんさつする
4,印,訓読み,しるし,印をつける,しるしをつける
6,創,音読み,ソウ,創作ダンス,そうさくだんす
6,創,音読み,ソウ,絆創膏,ばんそうこう
5,復,音読み,フク,復習する,ふくしゅうする
5,復,音読み,フク,回復する,かいふくする
5,往,音読み,オウ,往復の切符,おうふくのきっぷ
5,往,音読み,オウ,右往左往する,うおうさおうする
3,筆,音読み,ヒツ,筆順,ひつじゅん
3,筆,訓読み,ふで,筆で書く,ふででかく
4,貯,音読み,チョ,貯金する,ちょきんする
5,故,音読み,コ,交通事故,こうつうじこ
5,故,音読み,コ,故郷に帰る,こきょうにかえる
6,障,音読み,ショウ,障害物,しょうがいぶつ
6,障,音読み,ショウ,故障する,こしょうする
6,従,音読み,ジュウ,従順な犬,じゅうじゅんないぬ
6,従,訓読み,したが,ルールに従う,るーるにしたがう
6,我,音読み,ガ,自我がめばえる,じががめばえる
6,我,訓読み,われ,我先にと急ぐ,われさきにといそぐ
6,激,音読み,ゲキ,感激する,かんげきする
6,激,訓読み,はげ,激しい雨,はげしいあめ
6,討,音読み,トウ,討論会,とうろんかい
6,討,音読み,トウ,検討する,けんとうする
6,郵,音読み,ユウ,郵便局,ゆうびんきょく
6,郵,音読み,ユウ,郵送する,ゆうそうする
6,針,音読み,シン,長針と短針,ちょうしんとたんしん
6,針,訓読み,はり,針に糸をとおす,はりにいとをとおす
5,河,音読み,カ,河川の工事,かせんのこうじ
5,河,訓読み,かわ,河原,かわら
5,再,音読み,サイ,再会する,さいかいする
5,再,訓読み,ふたた,再び出会う,ふたたびであう
5,接,音読み,セツ,直接話す,ちょくせつはなす
5,接,音読み,セツ,面接を受ける,めんせつをうける
5,独,音読み,ドク,独立する,どくりつする
5,独,訓読み,ひと,独り言を言う,ひとりごとをいう
5,招,音読み,ショウ,招待する,しょうたいする
5,招,訓読み,まね,友達を招く,ともだちをまねく
6,段,音読み,ダン,階段をのぼる,かいだんをのぼる
6,段,音読み,ダン,段落を変える,だんらくをかえる
4,胃,音読み,イ,胃袋,いふくろ
6,腹,音読み,フク,腹痛がする,ふくつうがする
6,腹,訓読み,はら,お腹がへる,おなかがへる
6,痛,音読み,ツウ,苦痛にたえる,くつうにたえる
6,痛,訓読み,いた,頭が痛い,あたまがいたい
5,退,音読み,タイ,退院する,たいいんする
5,退,訓読み,しりぞ,敵が退く,てきがしりぞく
5,織,音読み,ショク,染織,せんしょく
5,織,訓読み,お,布を織る,ぬのをおる
5,貸,音読み,タイ,賃貸住宅,ちんたいじゅうたく
5,貸,訓読み,か,本を貸す,ほんをかす
5,迷,音読み,メイ,迷路をすすむ,めいろをすすむ
5,迷,訓読み,まよ,道に迷う,みちにまよう
6,就,音読み,シュウ,就職する,しゅうしょくする
6,就,訓読み,つ,仕事に就く,しごとにつく
6,訪,音読み,ホウ,訪問する,ほうもんする
6,訪,訓読み,たず,友達の家を訪ねる,ともだちのいえをたずねる
4,極,音読み,キョク,北極,ほっきょく
4,極,訓読み,きわ,極めて重要,きわめてじゅうよう
4,健,音読み,ケン,健康,けんこう
4,健,訓読み,すこ,健やかにそだつ,すこやかにそだつ
4,康,音読み,コウ,健康第一,けんこうだいいち
4,給,音読み,キュウ,給食,きゅうしょく
5,逆,音読み,ギャク,逆転する,ぎゃくてんする
5,逆,訓読み,さか,逆さまになる,さかさまになる
3,庫,音読み,コ,金庫をあける,きんこをあける
4,児,音読み,ジ,児童,じどう
4,児,音読み,ニ,小児科,しょうにか
4,冷,訓読み,つめ,冷たい水を飲む,つめたいみずをのむ
4,冷,音読み,レイ,冷蔵庫に入れる,れいぞうこにいれる
6,幼,音読み,ヨウ,幼稚園,ようちえん
6,幼,訓読み,おさな,幼いころの記憶,おさないころのきおく
6,処,音読み,ショ,処理する,しょりする
6,処,音読み,ショ,処分を下す,しょぶんをくだす
4,博,音読み,ハク,博物館に行く,はくぶつかんにいく
4,博,音読み,ハク,博学な先生,はくがくなせんせい
4,清,音読み,セイ,清潔な部屋,せいけつなへや
4,清,訓読み,きよ,心が清らかだ,こころがきよらかだ
5,潔,音読み,ケツ,清潔にする,せいけつにする
5,潔,訓読み,いさぎよ,潔い態度,いさぎよいたいど
4,録,音読み,ロク,ビデオを録画する,びでおをろくがする
4,録,音読み,ロク,記録を破る,きろくをやぶる
4,隊,音読み,タイ,探検隊,たんけんたい
5,修,音読み,シュウ,修理する,しゅうりする
5,修,訓読み,おさ,学業を修める,がくぎょうをおさめる
5,券,音読み,ケン,入場券,にゅうじょうけん
5,券,音読み,ケン,乗車券,じょうしゃけん
5,婦,音読み,フ,夫婦で出かける,ふうふででかける
5,婦,音読み,フ,婦人服の売り場,ふじんふくうりば
5,益,音読み,エキ,利益が出る,りえきがでる
5,益,音読み,ヤク,御利益がある,ごりやくがある
5,移,音読み,イ,移動する,いどうする
5,移,訓読み,うつ,場所を移す,ばしょをうつす
5,程,音読み,テイ,予定の日程,よていのにってい
5,程,訓読み,ほど,程よい甘さ,ほどよいあまさ
5,精,音読み,セイ,精神を集中する,せいしんをしゅうちゅうする
5,精,音読み,ショウ,精進する,しょうじんする
5,絶,音読み,ゼツ,絶望する,ぜつぼうする
5,絶,訓読み,た,連絡を絶つ,れんらくをたつ
6,並,音読み,ヘイ,並行して進める,へいこうしてすすめる
6,並,訓読み,なら,一列に並ぶ,いちれつにならぶ
6,憲,音読み,ケン,日本国憲法,にほんこくけんぽう
6,憲,音読み,ケン,違憲判決,いけんはんけつ
6,衆,音読み,シュウ,大衆食堂,たいしゅうしょくどう
6,衆,音読み,シュウ,観衆がわく,かんしゅうがわく
6,閣,音読み,カク,内閣総理大臣,ないかくそうりだいじん
6,閣,音読み,カク,金閣寺,きんかくじ
4,積,音読み,セキ,面積を求める,めんせきをもとめる
4,積,訓読み,つ,雪が積もる,ゆきがつもる
4,臣,音読み,シン,大臣,だいじん
5,略,音読み,リャク,省略する,しょうりゃくする
5,略,音読み,リャク,略語を使う,りゃくごをつかう
4,航,音読み,コウ,航空機,くうこうき
5,寄,音読み,キ,寄付する,きふする
5,寄,訓読み,よ,そばに寄る,そばによる
3,板,音読み,バン,黒板に書く,こくばんにかく
3,板,訓読み,いた,木の板,きのいた
4,街,音読み,ガイ,商店街,しょうてんがい
4,街,訓読み,まち,街をあるく,まちをあるく
6,宗,音読み,シュウ,宗教を信じる,しゅうきょうをしんじる
6,宗,音読み,ソウ,宗家,そうけ
6,系,音読み,ケイ,太陽系,たいようけい
6,系,音読み,ケイ,家系図,かけいず
3,遊,音読み,ユウ,遊園地,ゆうえんち
3,遊,訓読み,あそ,公園で遊ぶ,こうえんであそぶ
4,旗,音読み,キ,国旗,こっき
4,旗,訓読み,はた,旗を振る,はたをふる
4,照,音読み,ショウ,照明,しょうめい
4,照,訓読み,て,太陽が照らす,たいようがてらす
5,快,音読み,カイ,快速電車,かいそくでんしゃ
5,快,訓読み,こころよ,快い返事,こころよいへんじ
5,版,音読み,ハン,木版,もくはん
5,版,音読み,ハン,版画をつくる,はんがをつくる
5,貧,音読み,ヒン,貧富の差,ひんぷのさ
5,貧,訓読み,まず,貧しい生活,まずしいせいかつ
5,適,音読み,テキ,適当な大きさ,てきとうなおおきさ
5,適,音読み,テキ,適温にする,てきおんにする
5,預,音読み,ヨ,預金する,よきんする
5,預,訓読み,あず,荷物を預ける,にもつをあずける
6,延,音読み,エン,試合が延期になる,しけんがえんきになる
6,延,訓読み,の,寿命が延びる,じゅみょうがのびる
6,翌,音読み,ヨク,翌朝に出発する,よくあさにしゅっぱつする
6,翌,音読み,ヨク,翌日,よくじつ
6,覧,音読み,ラン,展覧会,てんらんかい
6,覧,音読み,ラン,一覧表にする,いちらんひょうにする
6,背,音読み,ハイ,背景を描く,はいけいをえがく
6,背,訓読み,せ,背が高い,せがたかい
6,背,訓読み,そむ,期待に背く,きたいにそむく
5,編,音読み,ヘン,編集する,へんしゅうする
5,編,訓読み,あ,セーターを編む,せーたーをあむ
6,除,音読み,ジ,掃除する,そうじする
6,除,訓読み,のぞ,不安を除く,ふあんをのぞく
6,棒,音読み,ボウ,鉄棒であそぶ,てつぼうであそぶ
6,棒,音読み,ボウ,棒の手紙,ぼうのてかみ
4,倉,音読み,ソウ,倉庫にしまう,そうこにしまう
4,倉,訓読み,くら,お米の倉,おこめのくら
4,孫,音読み,ソン,子孫を残す,しそんをのこす
4,孫,訓読み,まご,初孫,はつまご
4,巣,音読み,ソウ,卵巣,らんそう
4,巣,訓読み,す,鳥の巣,とりのす
4,帯,音読み,タイ,温帯気候,おんたいきこう
4,帯,訓読み,おび,着物の帯,きもののおび
4,帯,訓読み,お,熱を帯びる,ねつをおびる
4,救,音読み,キュウ,救急車,きゅうきゅうしゃ
4,救,訓読み,すく,命を救う,いのちをすくう
4,散,音読み,サン,散歩する,さんぽする
4,散,訓読み,ち,花が散る,はながちる
4,粉,訓読み,こ,小麦粉で作る,こむぎこをつくる
4,粉,音読み,フン,花粉がとぶ,かふんがとぶ
4,脈,音読み,ミャク,脈をはかる,みゃくをはかる
4,脈,音読み,ミャク,山脈が連なる,さんみゃくがつらなる
4,菜,音読み,サイ,野菜,やさい
4,菜,訓読み,な,菜の花,なのはな
4,貨,音読み,カ,金貨,きんかくじ
4,陸,音読み,リク,陸地が見える,りくちがみえる
4,陸,音読み,リク,陸上の大会,りくじょうのたいかい
5,似,音読み,ジ,類似品に注意,るいじひんにちゅうい
5,似,訓読み,に,顔がよく似ている,かおがよくにている
5,均,音読み,キン,平均点を出す,へいきんてんをだす
5,均,音読み,キン,均等に分ける,きんとうにわける
5,墓,音読み,ボ,墓地に行く,ぼちにいく
5,墓,訓読み,はか,お墓参り,おはかまいり
5,富,音読み,フ,富士山,ふじさん
5,富,訓読み,と,経験に富む,けいけんにとむ
5,徳,音読み,トク,道徳を学ぶ,どうとくをまなぶ
6,探,音読み,タン,探検に行く,たんけんにいく
6,探,訓読み,さが,落とし物を探す,おとしものをさがす
5,序,音読み,ジョ,順序を守る,じゅんじょをまもる
5,志,音読み,シ,意志がかたい,いしがかたい
5,志,訓読み,こころざ,高い志,たかいこころざ
5,恩,音読み,オン,恩返しをする,おんがえしをする
5,採,音読み,サイ,採用する,さいようする
5,採,訓読み,と,虫を採る,むしをとる
5,桜,音読み,オウ,桜花爛漫のころ,おうからんまんのころ
5,桜,訓読み,さくら,桜の花,さくらのはな
5,永,音読み,エイ,永遠の愛,えいえんのあい
5,永,訓読み,なが,末永くよろしく,すえながくよろしく
5,液,音読み,エキ,液体がこぼれる,えきたいがこぼれる
5,液,音読み,エキ,血液検査,けつえきけんさ
5,眼,音読み,ガン,眼科にいく,がんかにいく
5,眼,訓読み,まなこ,寝ぼけ眼,ねぼけまなこ
5,祖,音読み,ソ,祖先を大切に,そせんをたいせつに
5,祖,音読み,ソ,祖父母の家,そふぼのいえ
5,績,音読み,セキ,成績が上がる,せいせきがあがる
5,績,音読み,セキ,実績を残す,じっせきをのこす
5,興,音読み,キョウ,興味をもつ,きょうみをもつ
5,興,訓読み,おこ,国が興る,くにがおこる
5,衛,音読み,エイ,衛生に気をつける,えいせいにきをつける
5,衛,音読み,エイ,防衛する,ぼうえいする
5,複,音読み,フク,複雑な問題,ふくざつなもんだい
5,複,音読み,フク,複数のひと,ふくすうのひと
5,雑,音読み,ザツ,雑音がする,ざつこんがする
5,雑,音読み,ゾウ,雑木林,ぞうきばやし
5,賛,音読み,サン,賛成する,さんせいする
5,賛,音読み,サン,賛否を問う,さんぴをとう
5,酸,音読み,サン,酸素をすう,さんそをすう
5,酸,訓読み,す,梅干しが酸っぱい,うめぼしがすっぱい
5,銭,音読み,セン,金銭のやりとり,きんせんのやりとり
5,銭,訓読み,ぜに,小銭を出す,こぜにをだす
5,飼,音読み,シ,飼育係になる,しいくがかりになる
5,飼,訓読み,か,犬を飼う,いぬをかう
6,傷,音読み,ショウ,重傷を負う,じゅうしょうをおう
6,傷,訓読み,きず,かすり傷,かすりきず
6,党,音読み,トウ,政党を作る,せいとうをつくる
6,党,音読み,トウ,悪党をたおす,あくとうをたおす
6,卵,音読み,ラン,産卵する,さんらんする
6,卵,訓読み,たまご,卵焼き,たまごやき
6,厳,音読み,ゲン,厳格なルール,げんかくなるーる
6,厳,訓読み,きび,厳しい寒さ,きびしいさむさ
6,捨,音読み,シャ,四捨五入,ししゃごにゅう
6,捨,訓読み,す,ゴミを捨てる,ごみをすてる
6,密,音読み,ミツ,秘密にする,ひみつにする
6,密,音読み,ミツ,過密なスケジュール,かみつなすけじゅーる
6,欲,音読み,ヨク,食欲がわく,しょくよくがわく
6,欲,訓読み,ほ,新しい靴が欲しい,あたらしいくつがほしい
6,暖,音読み,ダン,暖冬の年,だんとうのとし
6,暖,訓読み,あたた,暖かい春,あたたかいはる
6,机,訓読み,つくえ,机に向かう,つくえにむかう
6,秘,音読み,ヒ,秘密を守る,ひみつをまもる
6,秘,訓読み,ひ,思いを秘める,おもいをひめる
6,訳,音読み,ヤク,英語を翻訳する,えいごをほんやくする
6,訳,訓読み,わけ,言い訳をする,いいわけをする
6,染,音読み,セン,感染を防ぐ,かんせんをふせぐ
6,染,訓読み,そ,髪を染める,かみをそめる
6,簡,音読み,カン,簡単な問題,かんたんなもんだい
6,簡,音読み,カン,書簡を送る,しょかんをおくる
6,閉,音読み,ヘイ,閉会式,へいかいしき
6,閉,訓読み,と,目を閉じる,めをとじる
6,閉,訓読み,し,ドアを閉める,どあをしめる
6,誌,音読み,シ,雑誌を読む,ざっしをよむ
6,誌,音読み,シ,日誌をつける,にっしをつける
6,窓,音読み,ソウ,同窓会,どうそうかい
6,窓,訓読み,まど,窓を開ける,まどをあける
6,否,音読み,ヒ,否定する,ひていする
6,否,音読み,ヒ,賛否が分かれる,さんぴがわかれる
6,筋,音読み,キン,筋肉痛,きんにくつう
6,筋,訓読み,すじ,話の筋がちがう,はなしのすぎがちがう
6,垂,音読み,スイ,垂直に立てる,すいちょくにたてる
6,垂,訓読み,た,よだれを垂らす,よだれをたらす
6,宝,音読み,ホウ,国宝の仏像,こくほうのぶつぞう
6,宝,訓読み,たから,宝箱を開ける,たからばこをあける
6,宣,音読み,セン,宣言する,せんげんする
6,尊,音読み,ソン,尊重する,そんちょうする
6,尊,訓読み,とうと,命は尊い,いのちはとうとい
6,忠,音読み,チュウ,忠告を聞く,ちゅうこくをきく
6,忠,音読み,チュウ,忠実な犬,ちゅうじつないぬ
6,拡,音読み,カク,拡大コピー,かくだいこぴー
6,拡,音読み,カク,拡張する,かくちょうする
6,操,音読み,ソウ,体操の選手,たいそうのせんしゅ
6,操,訓読み,あやつ,人形を操る,にんぎょうをあやつる
6,敬,音読み,ケイ,敬語を使う,けいごをつかう
6,敬,訓読み,うやま,先生を敬う,せんせいをうやまう
6,暮,音読み,ボ,お歳暮を贈る,おせいぼをおくる
6,暮,訓読み,く,日が暮れる,ひがくれる
6,灰,音読み,カイ,石灰の粉,せっかいのこな
6,灰,訓読み,はい,タバコの灰,たばこのはい
6,熟,音読み,ジュク,熟睡する,じゅくすいする
6,熟,訓読み,う,柿が赤く熟れる,かきがあかくうれる
6,異,音読み,イ,異常な暑さ,いじょうなあつさ
6,異,訓読み,こと,他と異なる,ほかとことなる
6,皇,音読み,オウ,天皇陛下,てんのうへいか
6,皇,音読み,コウ,皇居のまわり,こうきょのまわり
6,盛,音読み,セイ,盛大な拍手,せいだいなはくしゅ
6,盛,訓読み,も,ご飯を大盛りにする,ごはんをおおもりにする
6,砂,音読み,サ,砂漠を歩く,さばくをあるく
6,砂,訓読み,すな,砂場で遊ぶ,すなばであそぶ
6,糖,音読み,トウ,砂糖を入れる,さとうをいれる
6,糖,音読み,トウ,糖分をひかえる,とうふんをひかえる
6,納,音読み,ノウ,税金を納付する,ぜいきんをのうふする
6,納,音読み,ナッ,納得がいく,なっとくがいく
6,納,訓読み,おさ,倉庫に納める,そうこにおさめる
6,肺,音読み,ハイ,肺活量,はいかつりょう
6,肺,音読み,ハイ,肺の検査,はいのけんさ
6,著,音読み,チョ,有名人の著書,ゆうめいじんのちょしょ
6,著,訓読み,あらわ,本を著す,ほんをあらわす
6,蒸,音読み,ジョウ,水蒸気,すいじょうき
6,蒸,訓読み,む,蒸し暑い日,むしあついひ
6,蔵,音読み,ゾウ,冷蔵庫,れいぞうこ
6,蔵,訓読み,くら,蔵の中を探す,くらのなかをさがす
6,装,音読み,ソウ,服装に気をつける,ふくそうにきをつける
6,装,訓読み,よそお,平気なふりを装う,たいらきなふりをよそおう
6,裏,音読み,リ,表裏一体,ひょうりいったい
6,裏,訓読み,うら,紙の裏,かみのうら
6,諸,音読み,ショ,諸外国,しょがいこく
6,諸,音読み,ショ,諸悪の根源,しょあくのこんげん
6,賃,音読み,チン,家賃を払う,やちんをはらう
6,賃,音読み,チン,賃金の計算,ちんぎんのけいさん
6,誤,音読み,ゴ,誤解をまねく,ごかいをまねく
6,誤,訓読み,あやま,判断を誤る,はんだんをあやまる
6,臓,音読み,ゾウ,五臓六腑,ごぞうろっぷ
6,臓,音読み,ゾウ,内臓の検査,ないぞうのけんさ
6,貴,音読み,キ,貴重な品,きちょうなしな
6,貴,訓読み,とうと,貴い犠牲,とうといぎせい
6,降,音読み,コウ,飛行機が下降する,ひこうきがかこうする
6,降,訓読み,ふ,雨が降る,あめがふる
6,降,訓読み,お,バスを降りる,ばすをおりる
6,縮,音読み,シュク,短縮授業,たんしゅくじゅぎょう
6,縮,訓読み,ちぢ,服が縮む,ふくがちぢむ
6,純,音読み,ジュン,単純な計算,たんじゅんなけいさん
6,純,音読み,ジュン,純白のドレス,じゅんぱくのどれす
6,縦,音読み,ジュウ,縦横無尽に,じゅうおうむじんに
6,縦,訓読み,たて,縦の長さ,たてのながさ
6,聖,音読み,セイ,神聖な場所,しんせいなばしょ
6,聖,音読み,セイ,聖火リレー,せいかりれー
6,磁,音読み,ジ,磁石にくっつく,じしゃくにくっつく
6,磁,音読み,ジ,磁気カード,じきかーど
6,紅,音読み,コウ,紅白歌合戦,こうはくうたがっせん
6,紅,訓読み,べに,口紅を塗る,くちべにをぬる
6,射,音読み,シャ,注射する,しゅうしゃする
6,射,音読み,シャ,放射線,ほうしゃせん
6,射,訓読み,い,的を射る,まとをいる
6,幕,音読み,マク,舞台の幕が開く,ぶたいのまくがあく
6,幕,音読み,バク,幕府が開かれる,ばくふがひらかれる
6,拝,音読み,ハイ,拝見する,はいけんする
6,拝,訓読み,おが,仏様を拝む,ほとけさまをおがむ
6,推,音読み,スイ,推薦する,すいせんする
6,推,音読み,スイ,推理小説,すいりしょうせつ
6,揮,音読み,キ,指揮をとる,しきをとる
6,揮,音読み,キ,実力を発揮する,じつりょくをはっきする
6,沿,音読み,エン,沿岸の地域,えんがんのちいき
6,沿,訓読み,そ,川に沿って歩く,かわにそってあるく
6,源,訓読み,みなもと,元気の源,げんきのみなもと
6,源,音読み,ゲン,資源を大切に,しげんをたいせつに
6,劇,音読み,ゲキ,演劇の発表,えんげきのはっぴょう
6,劇,音読み,ゲキ,悲劇のヒロイン,ひげきのひろいん
6,勤,音読み,キン,通勤電車,つうきんでんしゃ
6,勤,訓読み,つと,会社に勤める,かいしゃにつとめる
5,承,音読み,ショウ,了承する,りょうしょうする
5,承,訓読み,うけたまわ,用件を承る,ようけんをたまわる
5,損,音読み,ソン,損害が出る,そんがいがでる
5,損,訓読み,そこ,機嫌を損ねる,きげんをそこねる
5,枝,音読み,シ,枝葉,えだは
5,枝,訓読み,えだ,木の枝を折る,きのえだをおる
3,豆,音読み,トウ,納豆,なっとう
3,豆,訓読み,まめ,大豆,だいず
6,刻,音読み,コク,遅刻する,ちこくする
6,刻,訓読み,きざ,心に刻む,こころにきざむ
5,測,音読み,ソク,測定する,そくていする
5,測,訓読み,はか,長さを測る,ながさをはかる
5,破,音読み,ハ,破壊する,はかいする
5,破,訓読み,やぶ,紙を破る,かみをやぶる
5,舎,音読み,シャ,校舎に入る,こうしゃにはいる
5,舎,音読み,シャ,宿舎,しゅくしゃ
5,講,音読み,コウ,講演を聞く,こうえんをきく
5,講,音読み,コウ,授業の講義,じゅぎょうのこうぎ
6,己,音読み,コ,自己紹介,じこしょうかい
6,己,訓読み,おのれ,己を知る,おのれをしる
3,湖,音読み,コ,山中湖,やまなかこ
3,湖,訓読み,みずうみ,広い湖,ひろいみずうみ
5,銅,音読み,ドウ,銅メダル,どうめだる
5,銅,音読み,ドウ,銅像を見る,どうぞうをみる
3,油,音読み,ユ,石油,せきゆ
3,油,訓読み,あぶら,油であげる,あぶらであげる
5,旧,音読み,キュウ,旧市街,きゅうしがい
5,旧,音読み,キュウ,新旧の交代,しんきゅうのこうたい
5,貿,音読み,ボウ,貿易する,ぼうえきする
6,将,音読み,ショウ,将棋をさす,しょうぎをさす
6,将,音読み,ショウ,将来の夢,しょうらいのゆめ
6,盟,音読み,メイ,同盟を結ぶ,どうめいをむすぶ
6,盟,音読み,メイ,加盟店,かめいてん
6,遺,音読み,イ,世界遺産,せかいいさん
6,遺,音読み,ユイ,遺言状,ゆいごんじょう
6,遺,訓読み,の,言い遺こす,いいのこす
3,昭,音読み,ショウ,昭和の時代,しょうわのじだい
4,漁,音読み,ギョ,漁業,ぎょぎょう
4,漁,音読み,リョウ,漁師,りょうし
4,漁,訓読み,あさ,ごみを漁る,ごみをあさる
4,兆,音読み,チョウ,一兆円,いっちょうえん
4,兆,訓読み,きざ,春の兆し,はるのきざし
6,臨,音読み,リン,臨時ニュース,りんじにゅーす
6,臨,訓読み,のぞ,試合に臨む,しあいにのぞむ
5,刊,音読み,カン,朝刊を読む,ちょうかんをよむ
5,刊,音読み,カン,週刊誌,しゅうかんし
6,奏,音読み,ソウ,演奏会,えんそうかい
6,奏,訓読み,かな,ピアノを奏でる,ぴあのをかなでる
6,片,音読み,ヘン,破片を拾う,はへんをひろう
6,片,訓読み,かた,片付けをする,かたづけをする
5,群,音読み,グン,抜群の成績,ばつぐんのせいせき
5,群,訓読み,む,鳥が群れる,とりがむれる
6,鋼,音読み,コウ,鉄鋼業,てっこうぎょう
6,鋼,訓読み,はがね,鋼の剣,はがねのけん
3,柱,音読み,チュウ,円柱の形,えんちゅうのかたち
3,柱,訓読み,はしら,家の柱,いえのはしら
4,唱,音読み,ショウ,合唱コンクール,がっしょうこんくーる
4,唱,訓読み,とな,お経を唱える,おきょうをとなえる
6,孝,音読み,コウ,親孝行,おやこうこう
6,樹,音読み,ジュ,樹木が茂る,じゅもくがしげる
6,樹,音読み,ジュ,果樹園,かじゅえん
3,炭,音読み,タン,石炭をほる,せきたんをほる
3,炭,訓読み,すみ,炭で火をおこす,すみでひをおこす
3,畑,訓読み,はたけ,野菜の畑,やさいのはたけ
4,包,訓読み,つつ,プレゼントを包む,ぷれぜんとをつつむ
4,包,音読み,ホウ,包帯をまく,ほうたいをまく
4,衣,音読み,イ,衣服を洗う,いふくをあらう
4,衣,訓読み,ころも,羽衣,はごろも
6,仁,音読み,ジン,仁愛の心,じんあいのこころ
6,仁,音読み,ニ,仁王立ち,におうだち
5,鉱,音読み,コウ,鉱物を集める,こうぶつをあつめる
5,鉱,音読み,コウ,炭鉱の町,たんこうのまち
6,至,音読み,シ,夏至と冬至,げしととうじ
6,至,訓読み,いた,現在に至る,げんざいにいたる
6,誠,音読み,セイ,誠実な人,せいじつなひと
6,誠,訓読み,まこと,誠の心,まことのこころ
6,郷,音読み,キョウ,故郷に帰る,こきょうにかえる
6,郷,訓読み,さと,郷帰り,さとがえり
4,牧,音読み,ボク,牧場の牛,ぼくじょうのうし
4,牧,音読み,ボク,遊牧民の生活,ゆうぼくみんのせいかつ
4,刷,音読み,サツ,印刷する,いんさつする
4,刷,訓読み,す,版画を刷る,はんがをする
6,朗,音読み,ロウ,朗読する,ろうどくする
6,朗,訓読み,ほが,朗らかな声,ほがらかなこえ
6,潮,音読み,チョウ,満潮の時刻,まんちょうのじこく
6,潮,訓読み,しお,潮干狩り,しおひがり
6,寸,音読み,スン,一寸の虫にも,いっすんのむしにも
6,寸,音読み,スン,寸法を測る,すんぽうをはかる
4,芽,音読み,ガ,発芽する,はつがする
4,芽,訓読み,め,草の芽がでる,くさのめがでる
5,俵,訓読み,たわら,俵,たわら
5,俵,音読み,ヒョウ,土俵に上がる,どひょうにあがる
5,綿,音読み,メン,綿糸,めんし
5,綿,訓読み,わた,綿あめを食べる,わたあめをたべる
6,尺,音読み,シャク,尺度,しゃくど
6,尺,音読み,シャク,縮尺,しゅくしゃく
3,帳,音読み,チョウ,手帳に書く,てちょうにかく
4,灯,音読み,トウ,電灯がつく,でんとうがつく
4,灯,訓読み,ひ,灯をともす,ひをともす
6,班,音読み,ハン,掃除の班,そうじのはん
6,班,音読み,ハン,班長になる,はんちょうになる
6,陛,音読み,ヘイ,陛下,へいか
6,后,音読み,コウ,皇后さま,こうごうさま
6,奮,音読み,フン,興奮する,こうふんする
6,奮,訓読み,ふる,勇気を奮う,ゆうきをうばう
6,頂,音読み,チョウ,山頂に登る,さんちょうにのぼる
6,頂,訓読み,いただ,お菓子を頂く,おかしをいただく
5,耕,音読み,コウ,耕地面積,こうちめんせき
5,耕,訓読み,たがや,田畑を耕す,たはたをたがやす
4,郡,音読み,グン,◯◯郡,◯◯ぐん
6,穀,音読み,コク,穀物を育てる,こくもつをそだてる
6,穀,音読み,コク,五穀豊穣,ごこくほうじょう
4,腸,音読み,チョウ,大腸,だいちょう
6,絹,訓読み,きぬ,絹のハンカチ,きぬのはんかち
6,蚕,音読み,サン,養蚕業,ようさんぎょう
6,蚕,訓読み,かいこ,蚕を飼う,かいこをかう
2,門,音読み,もん,正門から入場する,せいもんからにゅうじょうする
